Weapons,Base,,1H R1 1,1H R1 2,1H R1 3,1H R2 1,1H R2 2,1H R2 1 Charged,1H R2 2 Charged,1H Rolling R1,1H Running R1,1H Jumping,,2H R1 1,2H R1 2,2H R1 3,2H R2 1,2H R2 2,2H R2 1 Charged,2H R2 2 Charged,2H Rolling R1,2H Running R1,2H Jumping,,Kick,,WA 1,WA 2,WA 3,WA 4,Stance R1 1,Stance R1 2,Stance R2 1,Stance R2 2,WA Bullet,,Paired L1 1,Paired L1 2,Paired L1 3,Paired Rolling,Paired Running
Daggers,Base,,1H R1 1,1H R1 2,1H R1 3,1H R2 1,1H R2 2,1H R2 1 Charged,1H R2 2 Charged,1H Rolling R1,1H Running R1,1H Jumping,,2H R1 1,2H R1 2,2H R1 3,2H R2 1,2H R2 2,2H R2 1 Charged,2H R2 2 Charged,2H Rolling R1,2H Running R1,2H Jumping,,Kick,,,,,,Stance R1 1,Stance R1 2,Stance R2 1,Stance R2 2,WA Bullet,,Paired L1 1,Paired L1 2,Paired L1 3,Paired Rolling,Paired Running
Dagger,10,,10,10,10,13,13,15.5,15.5,10,11,11,,13,13,13,15.5,15.5,16.5,16.5,13,14,14,,,,,,,,,,,,,,,,,,
Parrying Dagger,10,,10,10,10,13,13,15.5,15.5,10,11,11,,13,13,13,15.5,15.5,16.5,16.5,13,14,14,,,,,,,,,,,,,,,,,,
Mail Breaker,10,,10,10,10,13,13,15.5,15.5,10,11,11,,13,13,13,15.5,15.5,16.5,16.5,13,14,14,,,,28,,,,,,,,,,,,,,
Harpe,10,,10,10,10,13,13,15.5,15.5,10,11,11,,13,13,13,15.5,15.5,16.5,16.5,13,14,14,,,,,,,,,,,,,,,,,,
Bandit's Knife,10,,10,10,10,13,13,15.5,15.5,10,11,11,,13,13,13,15.5,15.5,15.5,16.5,13,14,14,,,,,,,,,,,,,,,,,,
Rotten Ghru Dagger,10,,10,10,10,13,13,15.5,15.5,10,11,11,,13,13,13,15.5,15.5,15.5,16.5,13,14,14,,,,,,,,,,,,,,,,,,
Corvian Greatknife,10,,10,10,10,13,13,15.5,15.5,10,11,11,,13,13,13,15.5,15.5,15.5,16.5,13,14,14,,,,28,,,,,,,,,,,,,,
Handmaid's Dagger,10,,10,10,10,13,13,15.5,15.5,10,11,11,,13,13,13,15.5,15.5,16.5,16.5,13,14,14,,,,28,,,,,,,,,,,,,,
Scholar's Candlestick,10,,10,10,10,13,13,15.5,15.5,10,11,11,,13,13,13,15.5,15.5,16.5,16.5,13,14,14,,,,,,,,,,,,,,,,,,
Tailbone Shortsword,10,,10,10,10,13,13,15.5,15.5,10,11,11,,13,13,13,15.5,15.5,16.5,16.5,13,14,14,,,,,,,,,,,,11,,,,,,
Brigand Twindaggers,10,,10,10,10,13,13,15.5,15.5,10,11,11,,,,,,,,,,,,,,,,,,,,,,,,,8,8,8,7,8
Straight Swords,Base,,1H R1 1,1H R1 2,1H R1 3,1H R2 1,1H R2 2,1H R2 1 Charged,1H R2 2 Charged,1H Rolling R1,1H Running R1,1H Jumping,,2H R1 1,2H R1 2,2H R1 3,2H R2 1,2H R2 2,2H R2 1 Charged,2H R2 2 Charged,2H Rolling R1,2H Running R1,2H Jumping,,Kick,,,,,,Stance R1 1,Stance R1 2,Stance R2 1,Stance R2 2,WA Bullet,,Paired L1 1,Paired L1 2,Paired L1 3,Paired Rolling,Paired Running
Short Sword,14,,14,14,14,18.2,18.2,21.7,21.7,14,15.4,15.4,,18.2,18.2,18.2,21.7,21.7,23.1,23.1,18.2,19.6,19.6,,,,,,,,23.8,,28,,,,,,,,
Long Sword,14,,14,14,14,18.2,18.2,21.7,21.7,14,15.4,15.4,,18.2,18.2,18.2,21.7,21.7,23.1,23.1,18.2,19.6,19.6,,,,,,,,23.8,,28,,,,,,,,
Broad Sword,14,,14,14,14,18.2,18.2,21.7,21.7,14,15.4,15.4,,18.2,18.2,18.2,21.7,21.7,23.1,23.1,18.2,19.6,19.6,,,,,,,,23.8,,28,,,,,,,,
Broken Straight Sword,14,,14,14,14,18.2,18.2,21.7,21.7,14,15.4,15.4,,18.2,18.2,18.2,21.7,21.7,23.1,23.1,18.2,19.6,19.6,,,,,,,,23.8,,28,,,,,,,,
Astora Straight Sword,14,,14,14,14,18.2,18.2,21.7,21.7,14,15.4,15.4,,18.2,18.2,18.2,21.7,21.7,23.1,23.1,18.2,19.6,19.6,,,,,,,,23.8,,28,,,,,,,,
Lothric Knight Sword,14,,14,14,14,18.2,18.2,21.7,21.7,14,15.4,15.4,,18.2,18.2,18.2,21.7,21.7,23.1,23.1,18.2,19.6,19.6,,,,,,,,23.8,,28,,,,,,,,
Barbed Straight Sword,14,,14,14,14,18.2,18.2,21.7,21.7,14,15.4,15.4,,18.2,18.2,18.2,21.7,21.7,23.1,23.1,18.2,19.6,19.6,,,,,,,,23.8,,28,,,,,,,,
Dark Sword,14,,14,14,14,18.2,18.2,21.7,21.7,14,15.4,15.4,,18.2,18.2,18.2,21.7,21.7,23.1,23.1,18.2,19.6,19.6,,,,,,,,30.8,,,,,,,,,,
Cleric's Candlestick,14,,14,14,14,18.2,18.2,21.7,21.7,14,15.4,15.4,,18.2,18.2,18.2,21.7,21.7,23.1,23.1,18.2,19.6,19.6,,,,,,,,,,,,,,,,,,
Irithyll Straight Sword,14,,14,14,14,18.2,18.2,21.7,21.7,14,15.4,15.4,,18.2,18.2,18.2,21.7,21.7,23.1,23.1,18.2,19.6,19.6,,,,,,,,23.8,,28,,,,,,,,
Anri's Straight Sword,14,,14,14,14,18.2,18.2,21.7,21.7,14,15.4,15.4,,18.2,18.2,18.2,21.7,21.7,23.1,23.1,18.2,19.6,19.6,,,,,,,,23.8,,28,,,,,,,,
Sunlight Straight Sword,14,,14,14,14,18.2,18.2,21.7,21.7,14,15.4,15.4,,18.2,18.2,18.2,21.7,21.7,23.1,23.1,18.2,19.6,19.6,,,,,,,,,,,,,,,,,,
Morion Blade,14,,14,14,14,18.2,18.2,21.7,21.7,14,15.4,15.4,,18.2,18.2,18.2,21.7,21.7,23.1,23.1,18.2,19.6,19.6,,,,,,,,23.8,,28,,,,,,,,
Lothric's Holy Sword,14,,14,14,14,18.2,18.2,21.7,21.7,14,15.4,15.4,,18.2,18.2,18.2,21.7,21.7,23.1,23.1,18.2,19.6,19.6,,,,14,,,,,,,,7,,,,,,
Gotthard Twinswords,14,,14,14,14,18.2,18.2,21.7,21.7,14,15.4,15.4,,,,,,,,,,,,,,,1.4,6.3,6.3,,,,,,,,11.2,11.2,11.2,9.8,11.2
Valorheart,14,,14,14,14,18.2,18.2,21.7,21.7,14,15.4,15.4,,18.2,22.4,18.2,,,,,,,,,,,,,,,21,,35,,,,,,,18.2,
Greatswords,Base,,1H R1 1,1H R1 2,1H R1 3,1H R2 1,1H R2 2,1H R2 1 Charged,1H R2 2 Charged,1H Rolling R1,1H Running R1,1H Jumping,,2H R1 1,2H R1 2,2H R1 3,2H R2 1,2H R2 2,2H R2 1 Charged,2H R2 2 Charged,2H Rolling R1,2H Running R1,2H Jumping,,Kick,,,,,,Stance R1 1,Stance R1 2,Stance R2 1,Stance R2 2,WA Bullet,,Paired L1 1,Paired L1 2,Paired L1 3,Paired Rolling,Paired Running
Bastard Sword,26,,26,26,26,33.8,33.8,40.3,40.3,26,28.6,28.6,,33.8,33.8,33.8,40.3,40.3,42.9,42.9,33.8,36.4,36.4,,,,57.2,,,,,,,,,,,,,,
Claymore,26,,26,26,26,33.8,33.8,40.3,40.3,26,28.6,28.6,,33.8,33.8,33.8,40.3,40.3,42.9,42.9,33.8,36.4,36.4,,,,,,,,39,,46.8,,,,,,,,
Flamberge,26,,26,26,26,33.8,33.8,40.3,40.3,26,28.6,28.6,,33.8,33.8,33.8,40.3,40.3,42.9,42.9,33.8,36.4,36.4,,,,,,,,39,,46.8,,,,,,,,
Drakeblood Greatsword,26,,26,26,26,33.8,33.8,40.3,40.3,26,28.6,28.6,,33.8,33.8,33.8,40.3,40.3,42.9,42.9,33.8,36.4,36.4,,,,,,,,39,,46.8,,,,,,,,
Executioner's Greatsword,26,,26,26,26,33.8,33.8,40.3,40.3,26,28.6,28.6,,33.8,33.8,33.8,40.3,40.3,42.9,42.9,33.8,36.4,36.4,,,,,,,,13,33.8,,,,,,,,,
Black Knight Sword,26,,26,26,26,39,39,45.5,45.5,26,28.6,28.6,,33.8,33.8,33.8,45.5,40.3,48.1,42.9,33.8,36.4,36.4,,,,,,,,,,,,,,,,,,
Onxy Blade,26,,26,26,26,33.8,33.8,40.3,40.3,26,28.6,28.6,,33.8,33.8,33.8,40.3,40.3,42.9,42.9,33.8,36.4,36.4,,,,28.6,,,,,,,,28.6,,,,,,
Hollowslayer Greatsword,26,,26,26,26,33.8,33.8,40.3,40.3,26,28.6,28.6,,33.8,33.8,33.8,40.3,40.3,42.9,42.9,33.8,36.4,36.4,,,,,,,,39,,46.8,,,,,,,,
Wolnir's Holy Sword,26,,26,26,26,33.8,33.8,40.3,40.3,26,28.6,28.6,,33.8,33.8,33.8,40.3,40.3,42.9,42.9,33.8,36.4,36.4,,,,33.8,,,,,,,,26,,,,,,
Greatsword of Judgment,26,,26,26,26,33.8,33.8,40.3,40.3,26,28.6,28.6,,33.8,33.8,33.8,40.3,40.3,42.9,42.9,33.8,36.4,36.4,,,,,,,,39,,33.8,,26,,,,,,
Storm Ruler,26,,26,26,26,33.8,33.8,40.3,40.3,26,28.6,28.6,,33.8,33.8,33.8,40.3,40.3,42.9,42.9,33.8,36.4,36.4,,,,,,,,,,,,39,,,,,,
Wolf Knight's Greatsword,26,,26,26,26,33.8,33.8,40.3,40.3,26,28.6,28.6,,33.8,33.8,33.8,33.8,40.3,40.3,42.9,33.8,36.4,36.4,,,,,,,,13,23.4,49.4,,,,,,,,
Moonlight Greatsword,26,,26,26,26,33.8,33.8,35.1 (Bullet:13.5),35.1 (Bullet 13.5),26,28.6,28.6,,33.8,33.8,33.8,40.3,40.3,41.85 (Bullet:13.5),41.85 (Bullet 13.5),33.8,36.4,36.4,,,,33.8,,,,,,,,13,,,,,,
Firelink Greatsword,26,,26,26,26,33.8,33.8,40.3,40.3,26,28.6,28.6,,33.8,33.8,33.8,40.3,40.3,42.9,42.9,33.8,36.4,36.4,,,,33.8,,,,,,,,13,,,,,,
Twin Princes' Greatsword,26,,26,26,26,33.8,33.8,40.3,40.3,26,28.6,28.6,,33.8,33.8,33.8,40.3,40.3,42.9,42.9,33.8,36.4,36.4,,,,,,,,26,,46.8,,13,,,,,,
Ultra Greatswords,Base,,1H R1 1,1H R1 2,1H R1 3,1H R2 1,1H R2 2,1H R2 1 Charged,1H R2 2 Charged,1H Rolling R1,1H Running R1,1H Jumping,,2H R1 1,2H R1 2,2H R1 3,2H R2 1,2H R2 2,2H R2 1 Charged,2H R2 2 Charged,2H Rolling R1,2H Running R1,2H Jumping,,Kick,,,,,,Stance R1 1,Stance R1 2,Stance R2 1,Stance R2 2,WA Bullet,,Paired L1 1,Paired L1 2,Paired L1 3,Paired Rolling,Paired Running
Zweihander,31,,31,31,31,40.3,40.3,48.05,48.05,31,34.1,34.1,,40.3,40.3,40.3,48.05,48.05,51.15,51.15,40.3,43.4,43.4,,,,,,,,65.1,,,,,,,,,,
Greatsword,31,,31,31,31,40.3,40.3,48.05,48.05,31,34.1,34.1,,40.3,40.3,40.3,48.05,48.05,51.15,51.15,40.3,43.4,43.4,,,,,,,,40.3,40.3,15.5,40.3,,,,,,,
Astora Greatsword,31,,31,31,31,40.3,40.3,48.05,48.05,31,34.1,34.1,,40.3,40.3,40.3,40.3,48.05,48.05,51.15,40.3,43.4,43.4,,,,3.1,31,,,,,,,,,,,,,
Lothric Knight Greatsword,31,,31,31,31,40.3,40.3,48.05,48.05,31,34.1,34.1,,40.3,40.3,40.3,48.05,48.05,51.15,51.15,40.3,43.4,43.4,,,,,,,,65.1,,,,,,,,,,
Cathedral Knight Greatsword,31,,31,31,31,40.3,40.3,48.05,48.05,31,34.1,34.1,,40.3,40.3,40.3,48.05,48.05,51.15,51.15,40.3,43.4,43.4,,,,,,,,40.3,40.3,15.5,,,,,,,,
Black Knight Greatsword,31,,31,31,31,46.5,40.3,54.25,48.05,31,34.1,34.1,,40.3,40.3,40.3,"16.5, 54.2",48.05,57.35,51.15,40.3,43.4,43.4,,,,,,,,40.3,40.3,65.1,,,,,,,,
Profaned Greatsword,31,,31,31,31,40.3,40.3,40.3,48.05,31,34.1,34.1,,40.3,40.3,40.3,48.05,48.05,48.05,48.36,40.3,43.4,43.4,,,,,,,,58.9,,,,,,,,,,
Fume Ultra Greatsword,31,,31,31,31,40.3,40.3,48.05,48.05,31,34.1,34.1,,40.3,40.3,40.3,48.05,48.05,51.15,51.15,40.3,43.4,43.4,,,,,,,,40.3,40.3,65.1,,,,,,,,
Lorian's Greatsword,31,,31,31,31,40.3,40.3,48.05,48.05,31,34.1,34.1,,40.3,40.3,40.3,48.05,48.05,51.15,51.15,40.3,43.4,43.4,,,,,,,,,,65.1,,15.5,,,,,,
Farron Greatsword,31,,31,31,31,40.3,40.3,48.05,48.05,31,34.1,34.1,,,,,,,,,,,,,,,,,,,,,,,,,"9.3, 31","9.3, 31","9.3, 31","9.3, 31","12.4, 31"
Curved Swords,Base,,1H R1 1,1H R1 2,1H R1 3,1H R2 1,1H R2 2,1H R2 1 Charged,1H R2 2 Charged,1H Rolling R1,1H Running R1,1H Jumping,,2H R1 1,2H R1 2,2H R1 3,2H R2 1,2H R2 2,2H R2 1 Charged,2H R2 2 Charged,2H Rolling R1,2H Running R1,2H Jumping,,Kick,,,,,,Stance R1 1,Stance R1 2,Stance R2 1,Stance R2 2,WA Bullet,,Paired L1 1,Paired L1 2,Paired L1 3,Paired Rolling,Paired Running
Scimitar,14,,14,14,14,"8.4, 9.8",18.2,"7.7, 14",21.7,14,15.4,15.4,,18.2,18.2,18.2,"9.1, 12.6",21.7,"9.1, 14",23.1,18.2,19.6,19.6,,9.8,,3.5,3.5,16.8,,,,,,,,,,,,
Falchion,14,,14,14,14,18.2,18.2,21.7,21.7,14,15.4,15.4,,18.2,18.2,18.2,21.7,21.7,23.1,23.1,18.2,19.6,19.6,,9.8,,3.5,3.5,16.8,,,,,,,,,,,,
Shotel,14,,14,14,14,18.2,18.2,21.7,21.7,14,15.4,15.4,,18.2,18.2,18.2,21.7,21.7,23.1,23.1,18.2,19.6,19.6,,9.8,,3.5,3.5,16.8,,,,,,,,,,,,
Carthus Curved Sword,14,,14,14,14,18.2,18.2,21.7,21.7,14,15.4,15.4,,18.2,18.2,18.2,21.7,21.7,23.1,23.1,18.2,19.6,19.6,,9.8,,3.5,3.5,16.8,,,,,,,,,,,,
Carthus Shotel,14,,14,14,14,18.2,18.2,21.7,21.7,14,15.4,15.4,,18.2,18.2,18.2,21.7,21.7,23.1,23.1,18.2,19.6,19.6,,9.8,,3.5,3.5,14,,,,,,,,,,,,
Rotten Ghru Curved Sword,14,,14,14,14,"8.4, 9.8",18.2,"7.7, 14",21.7,14,15.4,15.4,,18.2,18.2,18.2,"9.1, 12.6",21.7,"9.1, 14",23.1,18.2,19.6,19.6,,9.8,,3.5,3.5,16.8,,,,,,,,,,,,
Painting Guardian Curved Sword,14,,14,14,14,"8.4, 9.9",18.2,"7.7, 15",21.7,14,15.4,15.4,,18.2,18.2,18.2,"9.1, 12.7",21.7,"9.1, 15",23.1,18.2,19.6,19.6,,9.8,,3.5,3.5,3.5,16.8,,,,,,,,,,,
Follower's Sabre,14,,14,14,14,18.2,18.2,21.7,21.7,14,15.4,15.4,,18.2,18.2,18.2,21.7,21.7,23.1,23.1,18.2,19.6,19.6,,9.8,,14,16.8,25.2,,,,,,,,,,,,
Pontiff Knight Curved Sword,14,,14,14,14,"8.4, 9.9",18.2,"7.7, 15",21.7,14,15.4,15.4,,18.2,18.2,18.2,"9.1, 12.7",21.7,"9.1, 15",23.1,18.2,19.6,19.6,,9.8,,3.5,3.5,,,,,,,16.8,,,,,,
Crescent Moon Sword,14,,14,14,14,18.2,18.2,21.7,21.7,14,15.4,15.4,,18.2,18.2,18.2,21.7,21.7,23.1,23.1,18.2,19.6,19.6,,9.8,,11.2,,,,,,,,14,,,,,,
Storm Curved Sword,14,,14,14,14,18.2,18.2,21.7,21.7,14,15.4,15.4,,18.2,18.2,18.2,21.7,21.7,23.1,23.1,18.2,19.6,19.6,,9.8,,3.5,3.5,16.8,,,,,,0.7,,,,,,
Sellsword Twinblades,14,,14,14,14,"8.4, 9.9",18.2,"7.7, 15",21.7,14,15.4,15.4,,,,,,,,,,,,,,,2.1,6.3,,,,,,,,,11.2,11.2,11.2,9.8,11.2
Warden Twinblades,14,,14,14,14,"8.4, 9.10",18.2,"7.7, 16",21.7,14,15.4,15.4,,,,,,,,,,,,,,,2.1,6.3,,,,,,,,,11.2,11.2,11.2,9.8,11.2
Dancer's Enchanted Swords,14,,14,14,14,18.2,18.2,21.7,21.7,14,15.4,15.4,,,,,,,,,,,,,,,2.1,2.1,8.4,,,,,,,,,,,,
Curved Greatswords,Base,,1H R1 1,1H R1 2,1H R1 3,1H R2 1,1H R2 2,1H R2 1 Charged,1H R2 2 Charged,1H Rolling R1,1H Running R1,1H Jumping,,2H R1 1,2H R1 2,2H R1 3,2H R2 1,2H R2 2,2H R2 1 Charged,2H R2 2 Charged,2H Rolling R1,2H Running R1,2H Jumping,,Kick,,,,,,Stance R1 1,Stance R1 2,Stance R2 1,Stance R2 2,WA Bullet,,Paired L1 1,Paired L1 2,Paired L1 3,Paired Rolling,Paired Running
Murakumo,31,,31,31,31,40.3,40.3,48.05,48.05,31,34.1,34.1,,40.3,40.3,40.3,48.05,48.05,51.15,51.15,40.3,43.4,43.4,,,,12.4,12.4,46.5,,,,,,,,,,,,
Carthus Curved Greatsword,31,,31,31,31,40.3,40.3,48.05,48.05,31,34.1,34.1,,40.3,40.3,40.3,48.05,48.05,51.15,51.15,40.3,43.4,43.4,,,,12.4,12.4,46.5,,,,,,,,,,,,
Exile Greatsword,31,,31,31,31,40.3,40.3,48.05,48.05,31,34.1,34.1,,40.3,40.3,40.3,48.05,48.05,51.15,51.15,40.3,43.4,43.4,,,,12.4,12.4,46.5,,,,,,,,,,,,
Old Wolf Curved Sword,31,,31,31,31,40.3,40.3,48.05,48.05,31,34.1,34.1,,40.3,40.3,40.3,48.05,48.05,51.15,51.15,40.3,43.4,43.4,,,,15.5,40.3,,,,,,,,,,,,,
Thrusting Swords,Base,,1H R1 1,1H R1 2,1H R1 3,1H R2 1,1H R2 2,1H R2 1 Charged,1H R2 2 Charged,1H Rolling R1,1H Running R1,1H Jumping,,2H R1 1,2H R1 2,2H R1 3,2H R2 1,2H R2 2,2H R2 1 Charged,2H R2 2 Charged,2H Rolling R1,2H Running R1,2H Jumping,,Kick,,,,,,Stance R1 1,Stance R1 2,Stance R2 1,Stance R2 2,WA Bullet,,Paired L1 1,Paired L1 2,Paired L1 3,Paired Rolling,Paired Running
Rapier,11,,11,11,11,14.3,14.3,17.05,17.05,11,12.1,12.1,,14.3,14.3,14.3,17.05,17.05,18.15,18.15,14.3,15.4,15.4,,8.8,,,,,,13.2,,2.75,13.2,,,,,,,
Estoc,11,,11,11,11,14.3,14.3,17.05,17.05,11,12.1,12.1,,14.3,14.3,14.3,17.05,17.05,18.15,18.15,14.3,15.4,15.4,,8.8,,14.3,,,,,,,,,,,,,,
Ricard's Rapier,11,,11,11,11,14.3,14.3,17.05,17.05,11,12.1,12.1,,14.3,14.3,14.3,17.05,17.05,18.15,18.15,14.3,15.4,15.4,,8.8,,1.1,14.3,,,,,,,,,,,,,
Irithyll Rapier,11,,11,11,11,14.3,14.3,17.05,17.05,11,12.1,12.1,,14.3,14.3,14.3,17.05,17.05,18.15,18.15,14.3,15.4,15.4,,8.8,,16.5,,,,,,,,,,,,,,
Crystal Sage's Rapier,11,,11,11,11,14.3,14.3,17.05,17.05,11,12.1,12.1,,14.3,14.3,14.3,17.05,17.05,18.15,18.15,14.3,15.4,15.4,,8.8,,,,,,13.2,,2.75,13.2,,,,,,,
Crow Quills,11,,11,11,11,14.3,14.3,17.05,17.05,11,12.1,12.1,,,,,,,,,,,,,8.8,,,,,,,,,,3.3,,8.8,8.8,8.8,7.15,11
Katanas,Base,,1H R1 1,1H R1 2,1H R1 3,1H R2 1,1H R2 2,1H R2 1 Charged,1H R2 2 Charged,1H Rolling R1,1H Running R1,1H Jumping,,2H R1 1,2H R1 2,2H R1 3,2H R2 1,2H R2 2,2H R2 1 Charged,2H R2 2 Charged,2H Rolling R1,2H Running R1,2H Jumping,,Kick,,,,,,Stance R1 1,Stance R1 2,Stance R2 1,Stance R2 2,WA Bullet,,Paired L1 1,Paired L1 2,Paired L1 3,Paired Rolling,Paired Running
Uchigatana,14,,14,14,14,18.2,18.2,21.7,21.7,14,15.4,15.4,,18.2,18.2,18.2,21.7,21.7,23.1,23.1,18.2,19.6,19.6,,,,,,,,21,,,,,,,,,,
Uchigatana (Outside the Sweetspot),14,,,,,,,,,,14,,,,,,,,,,,18.2,,,,,,,,,,,,,,,,,,,
Washing Pole ,14,,14,14,14,18.2,18.2,21.7,21.7,14,15.4,15.4,,18.2,18.2,18.2,18.2,21.7,21.7,23.1,18.2,19.6,19.6,,,,,,,,21,,,,,,,,,,
Washing Pole (Outside the Sweetspot),14,,11.2,,,15.4,,18.2,,,12.6,,,15.4,,,15.4,,18.9,,,16.8,,,,,,,,,,,,,,,,,,,
Black Blade,14,,14,14,14,18.2,18.2,21.7,21.7,14,15.4,15.4,,18.2,18.2,18.2,21.7,21.7,23.1,23.1,18.2,19.6,19.6,,,,,,,,21,,,,,,,,,,
Black Blade (Outside the Sweetspot),14,,,,,,,,,,14,,,,,,,,,,,18.2,,,,,,,,,,,,,,,,,,,
Bloodlust,14,,14,14,14,18.2,18.2,21.7,21.7,14,15.4,15.4,,18.2,18.2,18.2,21.7,21.7,23.1,23.1,18.2,19.6,19.6,,,,14,,,,,,,,,,,,,,
Bloodlust (Outside the Sweetspot),14,,,,,,,,,,14,,,,,,,,,,,18.2,,,,,,,,,,,,,,,,,,,
Chaos Blade,14,,14,14,14,18.2,18.2,21.7,21.7,14,15.4,15.4,,18.2,18.2,18.2,21.7,21.7,23.1,23.1,18.2,19.6,19.6,,,,,,,,21,,,,,,,,,,
Chaos Blade (Outside the Sweetspot),14,,,,,,,,,,14,,,,,,,,,,,18.2,,,,,,,,,,,,,,,,,,,
Darkdrift ,14,,14,14,14,18.2,18.2,21.7,21.7,14,15.4,15.4,,18.2,18.2,18.2,21.7,21.7,23.1,23.1,18.2,19.6,19.6,,,,21,,,,,,,,,,,,,,
Darkdrift (Outside the Sweetspot),14,,,,,14.56,,17.36,,,14,,,,,,17.36,,18.48,,,18.2,,,,,,,,,,,,,,,,,,,
Onikiri and Ubadachi,14,,14,14,14,18.2,18.2,21.7,21.7,14,15.4,15.4,,,,,,,,,,,,,,,16.8,1.4,,,,,,,,,11.2,11.2,11.2,9.1,14
Onikiri and Ubadachi (Outside the Sweetspot),14,,,,,,,,,,14,,,,,,,,,,,,,,,,,,,,,,,,,,,,,,
Axes,Base,,1H R1 1,1H R1 2,1H R1 3,1H R2 1,1H R2 2,1H R2 1 Charged,1H R2 2 Charged,1H Rolling R1,1H Running R1,1H Jumping,,2H R1 1,2H R1 2,2H R1 3,2H R2 1,2H R2 2,2H R2 1 Charged,2H R2 2 Charged,2H Rolling R1,2H Running R1,2H Jumping,,Kick,,Warcry 1H R2,Warcry 1H R2 Charged,Warcry 2H R2,Warcry 2H R2 Charged,Stance R1 1,Stance R1 2,Stance R2 1,Stance R2 2,WA Bullet,,Paired L1 1,Paired L1 2,Paired L1 3,Paired Rolling,Paired Running
Hand Axe,14,,14,14,14,18.2,18.2,21.7,21.7,14,15.4,15.4,,18.2,18.2,18.2,21.7,21.7,23.1,23.1,18.2,19.6,19.6,,,,21,24.5,24.5,26.6,,,,,,,,,,,
Thrall Axe,14,,14,14,14,18.2,18.2,21.7,21.7,14,15.4,15.4,,18.2,18.2,18.2,21.7,21.7,23.1,23.1,18.2,19.6,19.6,,,,,,,,,,,,,,,,,,
Battle Axe,14,,14,14,14,18.2,18.2,21.7,21.7,14,15.4,15.4,,18.2,18.2,18.2,21.7,21.7,23.1,23.1,18.2,19.6,19.6,,,,21,24.5,24.5,26.6,,,,,,,,,,,
Brigand Axe,14,,14,14,14,18.2,18.2,21.7,21.7,14,15.4,15.4,,18.2,18.2,18.2,21.7,21.7,23.1,23.1,18.2,19.6,19.6,,,,21,24.5,24.5,26.6,,,,,,,,,,,
Dragonslayer's Axe,14,,14,14,14,18.2,18.2,21.7,21.7,14,15.4,15.4,,18.2,18.2,18.2,21.7,21.7,23.1,23.1,18.2,19.6,19.6,,,,21,24.5,24.5,26.6,,,,,,,,,,,
Millwood Battle Axe,14,,14,14,14,18.2,18.2,21.7,21.7,14,15.4,15.4,,18.2,18.2,18.2,21.7,21.7,23.1,23.1,18.2,19.6,19.6,,,,21,24.5,24.5,26.6,,,,,,,,,,,
Man Serpent Hatchet,14,,14,14,14,18.2,18.2,21.7,21.7,14,15.4,15.4,,18.2,18.2,18.2,21.7,21.7,23.1,23.1,18.2,19.6,19.6,,,,21,24.5,24.5,26.6,,,,,,,,,,,
Butcher Knife,14,,14,14,14,18.2,18.2,21.7,21.7,14,15.4,15.4,,18.2,18.2,18.2,21.7,21.7,23.1,23.1,18.2,19.6,19.6,,,,,,,,,,,,,,,,,,
Eleonora,14,,14,14,14,18.2,18.2,21.7,21.7,14,15.4,15.4,,18.2,18.2,18.2,21.7,21.7,23.1,23.1,18.2,19.6,19.6,,,,,,,,,,,,,,,,,,
Winged Knight Twinaxes,14,,14,14,14,18.2,18.2,21.7,21.7,14,15.4,15.4,,,,,,,,,,,,,,,2.8,10.5,,,,,,,,,11.2,11.2,11.2,9.1,14
Greataxes,Base,,1H R1 1,1H R1 2,1H R1 3,1H R2 1,1H R2 2,1H R2 1 Charged,1H R2 2 Charged,1H Rolling R1,1H Running R1,1H Jumping,,2H R1 1,2H R1 2,2H R1 3,2H R2 1,2H R2 2,2H R2 1 Charged,2H R2 2 Charged,2H Rolling R1,2H Running R1,2H Jumping,,Kick,,Warcry 1H R2,Warcry 1H R2 Charged,Warcry 2H R2,Warcry 2H R2 Charged,Stance R1 1,Stance R1 2,Stance R2 1,Stance R2 2,WA Bullet,,Paired L1 1,Paired L1 2,Paired L1 3,Paired Rolling,Paired Running
Greataxe,31,,31,31,31,40.3,40.3,48.05,48.05,31,34.1,34.1,,40.3,40.3,40.3,48.05,48.05,51.15,51.15,40.3,43.4,43.4,,,,"3.1, 46.5",54.25,"6.2, 54.25",58.9,,,,,,,,,,,
Great Machete,31,,31,31,31,40.3,40.3,48.05,48.05,31,34.1,34.1,,40.3,40.3,40.3,48.05,48.05,51.15,51.15,40.3,43.4,43.4,,,,,,,,,,,,,,,,,,
Black Knight Greataxe,31,,31,31,31,46.5,46.5,57.35,57.35,31,34.1,34.1,,40.3,40.3,40.3,"12.4, 57.35",57.35,"12.4, 60.45",60.45,40.3,43.4,43.4,,,,"3.1, 34.1",54.25,"6.2, 54.25",58.9,,,,,,,,,,,
Demon's Greataxe,31,,31,31,31,40.3,40.3,48.05,48.05,31,34.1,34.1,,40.3,40.3,40.3,48.05,48.05,51.15,51.15,40.3,43.4,43.4,,,,52.7,,,,,,,,15.5,,,,,,
Dragonslayer Greataxe,31,,31,31,31,40.3,40.3,48.05,48.05,31,34.1,34.1,,40.3,40.3,40.3,48.05,48.05,51.15,51.15,40.3,43.4,43.4,,,,52.7,,,,,,,,"12.4, 3.1 (Splash)",,,,,,
Yhorm's Great Machete,31,,31,31,31,40.3,40.3,48.05,48.05,31,34.1,34.1,,40.3,40.3,40.3,48.05,48.05,51.15,51.15,40.3,43.4,43.4,,,,"15.5, 31","18.6, 35.65","15.5, 31","18.6, 35.65",,,,,,,,,,,
Earth Seeker,31,,31,31,31,40.3,40.3,48.05,48.05,31,34.1,34.1,,40.3,40.3,40.3,48.05,48.05,51.15,51.15,40.3,43.4,43.4,,,,31,31,,,,,,,62,,,,,,
Hammers,Base,,1H R1 1,1H R1 2,1H R1 3,1H R2 1,1H R2 2,1H R2 1 Charged,1H R2 2 Charged,1H Rolling R1,1H Running R1,1H Jumping,,2H R1 1,2H R1 2,2H R1 3,2H R2 1,2H R2 2,2H R2 1 Charged,2H R2 2 Charged,2H Rolling R1,2H Running R1,2H Jumping,,Kick,,Warcry 1H R2,Warcry 1H R2 Charged,Warcry 2H R2,Warcry 2H R2 Charged,Stance R1 1,Stance R1 2,Stance R2 1,Stance R2 2,WA Bullet,,Paired L1 1,Paired L1 2,Paired L1 3,Paired Rolling,Paired Running
Club,25,,25,25,25,32.5,32.5,38.75,38.75,25,27.5,27.5,,32.5,32.5,32.5,38.75,38.75,41.25,41.25,32.5,35,35,,,,"2.5, 37.5","2.5, 43.75","2.5, 37.5","2.5, 43.75",,,,,,,,,,,
Reinforced Club,25,,25,25,25,32.5,32.5,38.75,38.75,25,27.5,27.5,,32.5,32.5,32.5,38.75,38.75,41.25,41.25,32.5,35,35,,,,"2.5, 37.6","2.5, 43.76","2.5, 37.6","2.5, 43.76",,,,,,,,,,,
Mace,25,,25,25,25,32.5,32.5,38.75,38.75,25,27.5,27.5,,32.5,32.5,32.5,38.75,38.75,41.25,41.25,32.5,35,35,,,,,,,,,,,,,,,,,,
Morning Star,25,,25,25,25,32.5,32.5,38.75,38.75,25,27.5,27.5,,32.5,32.5,32.5,38.75,38.75,41.25,41.25,32.5,35,35,,,,,,,,,,,,,,,,,,
Warpick,25,,25,25,25,32.5,32.5,38.75,38.75,25,27.5,27.5,,32.5,32.5,32.5,38.75,38.75,41.25,41.25,32.5,35,35,,,,,,,,,,,,,,,,,,
Blacksmith's Hammer,25,,25,25,25,32.5,32.5,38.75,38.75,25,27.5,27.5,,32.5,32.5,32.5,38.75,38.75,41.25,41.25,32.5,35,35,,,,,,,,,,,,,,,,,,
Heysel Pick,25,,25,25,25,,,,,25,27.5,27.5,,32.5,32.5,32.5,,,,,32.5,35,35,,,,,,,,,,,,,,,,,,
Drang Hammers,25,,25,25,25,32.5,32.5,38.75,38.75,25,27.5,27.5,,,,,,,,,,,,,,,5,15,,,,,,,,,20,20,20,16.25,25
Great Hammers,Base,,1H R1 1,1H R1 2,1H R1 3,1H R2 1,1H R2 2,1H R2 1 Charged,1H R2 2 Charged,1H Rolling R1,1H Running R1,1H Jumping,,2H R1 1,2H R1 2,2H R1 3,2H R2 1,2H R2 2,2H R2 1 Charged,2H R2 2 Charged,2H Rolling R1,2H Running R1,2H Jumping,,Kick,,Warcry 1H R2,Warcry 1H R2 Charged,Warcry 2H R2,Warcry 2H R2 Charged,Stance R1 1,Stance R1 2,Stance R2 1,Stance R2 2,WA Bullet,,Paired L1 1,Paired L1 2,Paired L1 3,Paired Rolling,Paired Running
Large Club,35,,35,35,35,45.5,45.5,5.25,54.25,35,38.5,38.5,,45.5,45.5,45.5,54.25,54.25,57.75,57.75,45.5,49,49,,,,"14, 35","14, 35","17.5, 38.5","17.5, 38.5",,,,,,,,,,,
Great Club,35,,35,35,35,45.5,45.5,54.25,54.25,35,38.5,38.5,,45.5,45.5,45.5,54.25,54.25,57.75,57.75,45.5,49,49,,,,"14, 36","14, 36","17.5, 38.6","17.5, 38.6",,,,,,,,,,,
Great Mace,35,,35,35,35,45.5,45.5,54.25,54.25,35,38.5,38.5,,45.5,45.5,45.5,54.25,54.25,57.75,57.75,45.5,49,49,,,,,,,,,,,,,,,,,,
Spiked Mace,35,,35,35,35,45.5,45.5,54.25,54.25,35,38.5,38.5,,45.5,45.5,45.5,54.25,54.25,57.75,57.75,45.5,49,49,,,,10.5,10.5,35,,,,,,,,,,,,
Pickaxe,35,,35,35,35,45.5,45.5,54.25,54.25,35,38.5,38.5,,45.5,45.5,45.5,54.25,54.25,57.75,57.75,45.5,49,49,,,,,,,,,,,,,,,,,,
Wooden Great Hammer,35,,35,35,35,45.5,45.5,54.25,54.25,35,38.5,38.5,,45.5,45.5,45.5,54.25,54.25,57.75,57.75,45.5,49,49,,,,10.5,10.5,35,,,,,,,,,,,,
Gargoyle Flame Hammer,35,,35,35,35,45.5,45.5,54.25,54.25,35,38.5,38.5,,45.5,45.5,45.5,54.25,54.25,57.75,57.75,45.5,49,49,,,,17.5,,,,,,,,17.5,,,,,,
Morne's Great Hammer,35,,35,35,35,45.5,45.5,54.25,54.25,35,38.5,38.5,,45.5,45.5,45.5,54.25,54.25,57.75,57.75,45.5,49,49,,,,35,,,,,,,,42,,,,,,
Smough's Great Hammer,35,,35,35,35,45.5,45.5,54.25,54.25,35,38.5,38.5,,45.5,45.5,45.5,54.25,54.25,57.75,57.75,45.5,49,49,,,,,,,,,,,,,,,,,,
Quakestone Hammer,35,,35,35,35,45.5,45.5,54.25,54.25,35,38.5,38.5,,45.5,45.5,45.5,54.25,54.25,57.75,57.75,45.5,49,49,,,,45.5,45.5,,,,,,,54.25,,,,,,
Vordt's Great Hammer,35,,35,35,35,45.5,45.5,54.25,54.25,35,38.5,38.5,,45.5,45.5,45.5,54.25,54.25,57.75,57.75,45.5,49,49,,,,,,,,,,,,,,,,,,
Old King's Great Hammer,35,,35,35,35,45.5,45.5,54.25,54.25,35,38.5,38.5,,45.5,45.5,45.5,54.25,54.25,57.75,57.75,45.5,49,49,,,,59.5,59.5,,,,,,,17.5,,,,,,
Dragon Tooth,35,,35,35,35,45.5,45.5,54.25,54.25,35,38.5,38.5,,45.5,45.5,45.5,54.25,54.25,57.75,57.75,45.5,49,49,,,,,,,,,,,,,,,,,,
Spears,Base,,1H R1 1,1H R1 2,1H R1 3,1H R2 1,1H R2 2,1H R2 1 Charged,1H R2 2 Charged,1H Rolling R1,1H Running R1,1H Jumping,,2H R1 1,2H R1 2,2H R1 3,2H R2 1,2H R2 2,2H R2 1 Charged,2H R2 2 Charged,2H Rolling R1,2H Running R1,2H Jumping,,Kick,,,,,,Stance R1 1,Stance R1 2,Stance R2 1,Stance R2 2,WA Bullet,,Paired L1 1,Paired L1 2,Paired L1 3,Paired Rolling,Paired Running
Spear,14,,14,14,14,18.2,18.2,21.7,21.7,14,15.4,15.4,,18.2,18.2,18.2,21.7,21.7,23.1,23.1,18.2,19.6,19.6,,,,21,,,,,,,,,,,,,,
Spear (Outside the Sweetspot),14,,12.6,12.6,12.6,,,,,,,,,16.8,16.8,16.8,,,,,,,,,,,,,,,,,,,,,,,,,
Winged Spear,14,,14,14,14,18.2,18.2,21.7,21.7,14,15.4,15.4,,18.2,18.2,18.2,21.7,21.7,23.1,23.1,18.2,19.6,19.6,,,,2.1,21,,,,,,,,,,,,,
Winged Spear (Outside the Sweetspot),14,,12.6,12.6,12.6,,,,,,,,,16.8,16.8,16.8,,,,,,,,,,,,,,,,,,,,,,,,,
Partizan ,14,,14,14,14,18.2,18.2,21.7,21.7,14,15.4,15.4,,18.2,18.2,18.2,21.7,21.7,23.1,23.1,18.2,19.6,19.6,,,,4.2,4.2,14,12.6,,,,,,,,,,,
Partizan (Outside the Sweetspot),14,,12.6,12.6,12.6,,,,,,,,,16.8,16.8,16.8,,,,,,,,,,,,,,,,,,,,,,,,,
Rotten Ghru Spear ,14,,14,14,14,18.2,18.2,21.7,21.7,14,15.4,15.4,,18.2,18.2,18.2,21.7,21.7,23.1,23.1,18.2,19.6,19.6,,,,2.1,21,,,,,,,,,,,,,
Rotten Ghru Spear (Outside the Sweetspot),14,,12.6,12.6,12.6,,,,,,,,,16.8,16.8,16.8,,,,,,,,,,,,,,,,,,,,,,,,,
Four-Pronged Plow ,14,,14,14,14,18.2,18.2,21.7,21.7,14,15.4,15.4,,18.2,18.2,18.2,21.7,21.7,23.1,23.1,18.2,19.6,19.6,,,,1.4,9.8,,,,,,,,,,,,,
Four-Pronged Plow (Outside the Sweetspot),14,,12.6,12.6,12.6,,,,,,,,,16.8,16.8,16.8,,,,,,,,,,,,,,,,,,,,,,,,,
Saint's Bident ,14,,14,14,14,18.2,18.2,21.7,21.7,14,15.4,15.4,,18.2,18.2,18.2,21.7,21.7,23.1,23.1,18.2,19.6,19.6,,,,2.1,21,,,,,,,,,,,,,
Saint's Bident (Outside the Sweetspot),14,,12.6,12.6,12.6,,,,,,,,,16.8,16.8,16.8,,,,,,,,,,,,,,,,,,,,,,,,,
Follower Javelin ,14,,14,14,14,18.2,18.2,21.7,21.7,14,15.4,15.4,,18.2,18.2,18.2,21.7,21.7,23.1,23.1,18.2,19.6,19.6,,,,,,,,,,,,21.7,,,,,,
Follower Javelin (Outside the Sweetspot),14,,12.6,12.6,12.6,,,,,,,,,16.8,16.8,16.8,,,,,,,,,,,,,,,,,,,,,,,,,
Gargoyle Flame Spear ,14,,14,14,14,18.2,18.2,21.7,21.7,14,15.4,15.4,,18.2,18.2,18.2,21.7,21.7,23.1,23.1,18.2,19.6,19.6,,,,1.4,21,,,,,,,,,,,,,
Gargoyle Flame Spear (Outside the Sweetspot),14,,12.6,12.6,12.6,,,,,,,,,16.8,16.8,16.8,,,,,,,,,,,,,,,,,,,,,,,,,
Soldering Iron ,14,,14,14,14,18.2,18.2,21.7,21.7,14,15.4,15.4,,18.2,18.2,18.2,21.7,21.7,23.1,23.1,18.2,19.6,19.6,,,,2.1,18.2,,,,,,,,,,,,,
Soldering Iron (Outside the Sweetspot),14,,12.6,12.6,12.6,,,,,,,,,16.8,16.8,16.8,,,,,,,,,,,,,,,,,,,,,,,,,
Yorshka's Spear ,14,,14,14,14,18.2,18.2,21.7,21.7,14,15.4,15.4,,18.2,18.2,18.2,21.7,21.7,23.1,23.1,18.2,19.6,19.6,,,,,,,,,,,,,,,,,,
Yorshka's Spear (Outside the Sweetspot),14,,12.6,12.6,12.6,,,,,,,,,16.8,16.8,16.8,,,,,,,,,,,,,,,,,,,,,,,,,
Dragonslayer Spear,14,,14,14,14,18.2,18.2,21.7,21.7,14,15.4,15.4,,18.2,18.2,18.2,21.7,21.7,23.1,23.1,18.2,19.6,19.6,,,,1.4,14,,,,,,,"4.2, 7",,,,,,
Dragonslayer Spear (Outside the Sweetspot),14,,12.6,12.6,12.6,,,,,,,,,16.8,16.8,16.8,,,,,,,,,,,,,,,,,,,,,,,,,
Golden Ritual Spear,14,,14,14,14,,,,,14,15.4,15.4,,18.2,18.2,18.2,,,,,18.2,19.6,19.6,,,,,,,,,,,,,,,,,,
Golden Ritual Spear (Outside the Sweetspot),14,,12.6,12.6,12.6,,,,,,,,,16.8,16.8,16.8,,,,,,,,,,,,,,,,,,,,,,,,,
Tailbone Spear,14,,14,14,14,18.2,18.2,21.7,21.7,14,15.4,15.4,,18.2,18.2,18.2,21.7,21.7,23.1,23.1,18.2,19.6,19.6,,,,18.2,,,,,,,,14,,,,,,
Tailbone Spear (Outside the Sweetspot),14,,12.6,12.6,12.6,,,,,,,,,16.8,16.8,16.8,,,,,,,,,,,,,,,,,,,,,,,,,
Arstor's Spear,14,,14,14,14,18.2,18.2,21.7,21.7,14,15.4,15.4,,18.2,18.2,18.2,21.7,21.7,23.1,23.1,18.2,19.6,19.6,,,,21,,,,,,,,,,,,,,
Arstor's Spear (Outside the Sweetspot),14,,12.6,12.6,12.6,,,,,,,,,16.8,16.8,16.8,,,,,,,,,,,,,,,,,,,,,,,,,
Dragonslayer Swordspear,14,,14,14,14,18.2,18.2,21.7,21.7,14,15.4,15.4,,18.2,18.2,18.2,21.7,21.7,23.1,23.1,18.2,19.6,19.6,,,,11.2,,,,,,,,21,,,,,,
Dragonslayer Swordspear (Outside the Sweetspot),14,,12.6,12.6,12.6,,,,,,,,,16.8,16.8,16.8,,,,,,,,,,,,,,,,,,,,,,,,,
Drang Twinspears,14,,14,14,14,18.2,18.2,21.7,21.7,14,15.4,15.4,,,,,,,,,,,,,,,,,,,,,,,,,"8.4, 14","8.4, 14","8.4, 14","5.6, 12.6","8.4, 14"
Drang Twinspears(Outside the Sweetspot),14,,12.6,12.6,12.6,,,,,,,,,,,,,,,,,,,,,,,,,,,,,,,,,,,,
Pikes,Base,,1H R1 1,1H R1 2,1H R1 3,1H R2 1,1H R2 2,1H R2 1 Charged,1H R2 2 Charged,1H Rolling R1,1H Running R1,1H Jumping,,2H R1 1,2H R1 2,2H R1 3,2H R2 1,2H R2 2,2H R2 1 Charged,2H R2 2 Charged,2H Rolling R1,2H Running R1,2H Jumping,,Kick,,,,,,Stance R1 1,Stance R1 2,Stance R2 1,Stance R2 2,WA Bullet,,Paired L1 1,Paired L1 2,Paired L1 3,Paired Rolling,Paired Running
Pike,14,,14,14,14,18.2,18.2,21.7,21.7,14,15.4,15.4,,18.2,18.2,18.2,21.7,21.7,23.1,23.1,18.2,19.6,19.6,,,,1.4,21,,,,,,,,,,,,,
Pike (Outside the Sweetspot),14,,,12.6,12.6,,,,,,,,,16.8,16.8,16.8,,,,,,,,,,,,,,,,,,,,,,,,,
Greatlance,14,,14,14,14,18.2,18.2,21.7,21.7,14,15.4,15.4,,18.2,18.2,18.2,21.7,21.7,23.1,23.1,18.2,19.6,19.6,,,,4.2,22.4,,,,,,,,,,,,,
Greatlance (Outside the Sweetspot),14,,12.6,12.6,12.6,,,,,,,,,16.8,16.8,16.8,,,,,,,,,,,,,,,,,,,,,,,,,
Lothric Knight Long Spear,14,,14,14,14,18.2,18.2,21.7,21.7,14,15.4,15.4,,18.2,18.2,18.2,21.7,21.7,23.1,23.1,18.2,19.6,19.6,,,,1.4,21,,,,,,,,,,,,,
Lothric Knight Long Spear (Outside the Sweetspot),14,,,12.6,12.6,,,,,,,,,16.8,16.8,16.8,,,,,,,,,,,,,,,,,,,,,,,,,
Halberds,Base,,1H R1 1,1H R1 2,1H R1 3,1H R2 1,1H R2 2,1H R2 1 Charged,1H R2 2 Charged,1H Rolling R1,1H Running R1,1H Jumping,,2H R1 1,2H R1 2,2H R1 3,2H R2 1,2H R2 2,2H R2 1 Charged,2H R2 2 Charged,2H Rolling R1,2H Running R1,2H Jumping,,Kick,,,,,,Stance R1 1,Stance R1 2,Stance R2 1,Stance R2 2,WA Bullet,,Paired L1 1,Paired L1 2,Paired L1 3,Paired Rolling,Paired Running
Halberd,19,,19,19,19,24.7,24.7,29.45,29.45,19,20.9,20.9,,24.7,24.7,24.7,"4.2, 17.5","4.2, 17.5","4.2, 18.9","4.2, 18.9",24.7,26.6,26.6,,,,1.9,24.7,,,,,,,,,,,,,
Halberd (Outside the Sweetspot),19,,17.1,17.1,17.1,,,,,,,,,22.8,22.8,22.8,,,,,,,,,,,,,,,,,,,,,,,,,
Red Hilted Halberd,19,,19,19,19,24.7,24.7,29.45,29.45,19,20.9,20.9,,24.7,24.7,24.7,"4.2, 17.6","4.2, 17.6","4.2, 18.10","4.2, 18.10",24.7,26.6,26.6,,,,,,,,,,,,,,,,,,
Red Hilted Halberd (Outside the Sweetspot),19,,17.1,17.1,17.1,,,,,,,,,22.8,22.8,22.8,,,,,,,,,,,,,,,,,,,,,,,,,
Lucerne,19,,19,19,19,24.7,24.7,29.45,29.45,19,20.9,20.9,,24.7,24.7,24.7,29.45,29.45,31.35,31.35,24.7,26.6,26.6,,,,7.6,7.6,28.5,24.7,,,,,,,,,,,
Lucerne (Outside the Sweetspot),19,,17.1,17.1,17.1,,,,,,,,,22.8,22.8,22.8,,,,,,,,,,,,,,22.8,,,,,,,,,,,
Glaive,19,,19,19,19,24.7,24.7,29.45,29.45,19,20.9,20.9,,24.7,24.7,24.7,"4.2, 17.6","4.2, 17.6","4.2, 18.10","4.2, 18.10",24.7,26.6,26.6,,,,7.6,7.6,28.5,24.7,,,,,,,,,,,
Glaive (Outside the Sweetspot),19,,17.1,17.1,17.1,,,,,,,,,22.8,22.8,22.8,,,,,,,,,,,,,,22.8,,,,,,,,,,,
Crescent Axe,19,,19,19,19,24.7,24.7,29.45,29.45,19,20.9,20.9,,24.7,24.7,24.7,"4.2, 17.7","4.2, 17.7","4.2, 18.11","4.2, 18.11",24.7,26.6,26.6,,,,28.5,33.25,33.25,36.1,,,,,,,,,,,
Crescent Axe (Outside the Sweetspot),19,,17.1,17.1,17.1,,,,,,,,,22.8,22.8,22.8,,,,,,,,,,,,,,,,,,,,,,,,,
Winged Knight Halberd,19,,19,19,19,24.7,24.7,29.45,29.45,19,20.9,20.9,,24.7,24.7,24.7,"4.2, 17.8","4.2, 17.8","4.2, 18.12","4.2, 18.12",24.7,26.6,26.6,,,,1.9,1.9,1.9,8.55,,,,,,,,,,,
Winged Knight Halberd (Outside the Sweetspot),19,,17.1,17.1,17.1,,,,,,,,,22.8,22.8,22.8,,,,,,,,,,,,,,,,,,,,,,,,,
Black Knight Glaive,19,,19,19,19,"2.1, 21",24.7,"2.8, 24.5",29.45,19,20.9,20.9,,24.7,24.7,24.7,33.25,"4.2, 17.9",35.15,"4.2, 18.13",24.7,26.6,26.6,,,,7.6,7.6,28.5,24.7,,,,,,,,,,,
Black Knight Glaive (Outside the Sweetspot),19,,17.1,17.1,17.1,,,,,,,,,22.8,22.8,22.8,,,,,,,,,,,,,,22.8,,,,,,,,,,,
Immolation Tinder,19,,19,19,19,,,,,19,20.9,20.9,,24.7,24.7,24.7,,,,,24.7,26.6,26.6,,,,,,,,,,,,19,,,,,,
Immolation Tinder (Outside the Sweetspot),19,,17.1,17.1,17.1,,,,,,,,,22.8,22.8,22.8,,,,,,,,,,,,,,,,,,,,,,,,,
Gundyr's Halberd,19,,19,19,19,24.7,24.7,29.45,29.45,19,20.9,20.9,,24.7,24.7,24.7,"4.2, 17.8","4.2, 17.8","4.2, 18.12","4.2, 18.12",24.7,26.6,26.6,,,,1.9,11.4,1.9,32.3,,,,,,,,,,,
Gundyr's Halberd (Outside the Sweetspot),19,,17.1,17.1,17.1,,,,,,,,,22.8,22.8,22.8,,,,,,,,,,,,,,,,,,,,,,,,,
Reapers,Base,,1H R1 1,1H R1 2,1H R1 3,1H R2 1,1H R2 2,1H R2 1 Charged,1H R2 2 Charged,1H Rolling R1,1H Running R1,1H Jumping,,2H R1 1,2H R1 2,2H R1 3,2H R2 1,2H R2 2,2H R2 1 Charged,2H R2 2 Charged,2H Rolling R1,2H Running R1,2H Jumping,,Kick,,,,,,Stance R1 1,Stance R1 2,Stance R2 1,Stance R2 2,WA Bullet,,Paired L1 1,Paired L1 2,Paired L1 3,Paired Rolling,Paired Running
Great Scythe,14,,14,14,14,18.2,18.2,21.7,21.7,14,15.4,15.4,,18.2,18.2,18.2,21.7,21.7,23.1,23.1,18.2,19.6,19.6,,,,16.8,,,,,,,,,,,,,,
Great Scythe (Outside the Sweetspot),14,,12.6,12.6,12.6,,,,,0.9,14,,,16.8,16.8,16.8,,,,,16.8,18.2,,,,,,,,,,,,,,,,,,,
Great Corvian Scythe,14,,14,14,14,18.2,18.2,21.7,21.7,14,15.4,15.4,,18.2,18.2,18.2,21.7,21.7,23.1,23.1,18.2,19.6,19.6,,,,16.8,,,,,,,,,,,,,,
Great Corvian Scythe (Outside the Sweetspot),14,,12.6,12.6,12.6,,,,,0.9,14,,,16.8,16.8,16.8,,,,,16.8,18.2,,,,,,,,,,,,,,,,,,,
Pontiff Knight Great Scythe,14,,14,14,14,18.2,18.2,21.7,21.7,14,15.4,15.4,,18.2,18.2,18.2,21.7,21.7,23.1,23.1,18.2,19.6,19.6,,,,,,,,,,,,,,,,,,
Pontiff Knight Great Scythe (Outside the Sweetspot),14,,12.6,12.6,12.6,,,,,0.9,14,,,16.8,16.8,16.8,,,,,16.8,18.2,,,,,,,,,,,,,,,,,,,
Friede's Great Scythe,14,,14,14,14,18.2,18.2,21.7,21.7,14,15.4,15.4,,18.2,18.2,18.2,21.7,21.7,23.1,23.1,18.2,19.6,19.6,,,,14,,,,11.9,11.9,,,4.2,,,,,,
Friede's Great Scythe (Outside the Sweetspot),14,,12.6,12.6,12.6,,,,,0.9,14,,,16.8,16.8,16.8,,,,,16.8,18.2,,,,,,,,,,,,,,,,,,,
Whips,Base,,1H R1 1,1H R1 2,1H R1 3,1H R2 1,1H R2 2,1H R2 1 Charged,1H R2 2 Charged,1H Rolling R1,1H Running R1,1H Jumping,,2H R1 1,2H R1 2,2H R1 3,2H R2 1,2H R2 2,2H R2 1 Charged,2H R2 2 Charged,2H Rolling R1,2H Running R1,2H Jumping,,Kick,,,,,,Stance R1 1,Stance R1 2,Stance R2 1,Stance R2 2,WA Bullet,,Paired L1 1,Paired L1 2,Paired L1 3,Paired Rolling,Paired Running
Whip,14,,14,14,14,18.2,18.2,21.7,21.7,14,15.4,15.4,,18.2,18.2,18.2,21.7,21.7,23.1,23.1,18.2,19.6,19.6,,,,2.8,2.8,21,,,,,,,,,,,,
Notched Whip,14,,14,14,14,18.2,18.2,21.7,21.7,14,15.4,15.4,,18.2,18.2,18.2,21.7,21.7,23.1,23.1,18.2,19.6,19.6,,,,2.8,2.8,21,,,,,,,,,,,,
Spotted Whip,14,,14,14,14,18.2,18.2,21.7,21.7,14,15.4,15.4,,18.2,18.2,18.2,21.7,21.7,23.1,23.1,18.2,19.6,19.6,,,,2.8,2.8,21,,,,,,,,,,,,
Witch's Locks,14,,14,14,14,18.2,18.2,21.7,21.7,14,15.4,15.4,,18.2,18.2,18.2,21.7,21.7,23.1,23.1,18.2,19.6,19.6,,,,2.8,2.8,21,,,,,,,,,,,,
Rose of Ariandel,14,,14,14,14,,,,,14,15.4,15.4,,18.2,18.2,18.2,,,,,18.2,19.6,19.6,,,,,,,,,,,,,,,,,,
Fists,Base,,1H R1 1,1H R1 2,1H R1 3,1H R2 1,1H R2 2,1H R2 1 Charged,1H R2 2 Charged,1H Rolling R1,1H Running R1,1H Jumping,,2H R1 1,2H R1 2,2H R1 3,2H R2 1,2H R2 2,2H R2 1 Charged,2H R2 2 Charged,2H Rolling R1,2H Running R1,2H Jumping,,Kick,,,,,,Stance R1 1,Stance R1 2,Stance R2 1,Stance R2 2,WA Bullet,,Paired L1 1,Paired L1 2,Paired L1 3,Paired Rolling,Paired Running
Caestus,11,,11,11,11,14.3,14.3,17.05,17.05,11,12.1,12.1,,,,,,,,,,,,,,,,,,,,,,,,,9.35,9.35,9.35,8.25,7.7
Unarmed,14,,14,14,14,18.2,18.2,21.7,21.7,14,15.4,15.4,,,,,,,,,,,,,,,,,,,,,,,,,,,,,
Demon's Fist,14,,14,14,14,18.2,18.2,21.7,21.7,14,15.4,15.4,,,,,,,,,,,,,,,7,2.8,14,,,,,,7,,11.9,11.9,11.9,10.5,9.8
Claws,Base,,1H R1 1,1H R1 2,1H R1 3,1H R2 1,1H R2 2,1H R2 1 Charged,1H R2 2 Charged,1H Rolling R1,1H Running R1,1H Jumping,,2H R1 1,2H R1 2,2H R1 3,2H R2 1,2H R2 2,2H R2 1 Charged,2H R2 2 Charged,2H Rolling R1,2H Running R1,2H Jumping,,Kick,,,,,,Stance R1 1,Stance R1 2,Stance R2 1,Stance R2 2,WA Bullet,,Paired L1 1,Paired L1 2,Paired L1 3,Paired Rolling,Paired Running
Claws,14,,14,14,14,18.2,18.2,21.7,21.7,14,15.4,15.4,,,,,,,,,,,,,,,14,1.4,,,,,,,,,11.9,11.9,11.9,10.5,9.8
Manikin Claws,14,,14,14,14,18.2,18.2,21.7,21.7,14,15.4,15.4,,,,,,,,,,,,,,,,,,,,,,,,,11.9,11.9,11.9,10.5,9.8
Crow Talons,14,,14,14,14,18.2,18.2,21.7,21.7,14,15.4,15.4,,,,,,,,,,,,,,,10.5,10.5,14,,,,,,,,11.2,11.2,11.2,9.8,11.2
Torches,Base,,1H R1 1,1H R1 2,1H R1 3,1H R2 1,1H R2 2,1H R2 1 Charged,1H R2 2 Charged,1H Rolling R1,1H Running R1,1H Jumping,,2H R1 1,2H R1 2,2H R1 3,2H R2 1,2H R2 2,2H R2 1 Charged,2H R2 2 Charged,2H Rolling R1,2H Running R1,2H Jumping,,Kick,,,,,,Stance R1 1,Stance R1 2,Stance R2 1,Stance R2 2,WA Bullet,,Paired L1 1,Paired L1 2,Paired L1 3,Paired Rolling,Paired Running
Torch,10,,10,10,10,13,,15.5,,10,11,11,,13,13,13,15.5,,16.5,,13,14,14,,,,,,,,,,,,,,,,,,
Follower Torch,25,,25,25,25,32.5,,38.75,,25,27.5,27.5,,32.5,32.5,32.5,38.75,,41.25,,32.5,35,35,,,,,,,,,,,,15,,,,,,
Arrows,Base,,Fired normally,Puncture,Triple-Shot,Puncturing Arrow,Pierce Earth,,,,,,,,,,,,,,,,,,,,,,,,,,,,,,,,,,
Wood Arrow,5,,5,7.5,3,,,,,,,,,,,,,,,,,,,,,,,,,,,,,,,,,,,,
Standard Arrow,7,,7,10.5,4.2,,,,,,,,,,,,,,,,,,,,,,,,,,,,,,,,,,,,
Large Arrow,7,,7,10.5,4.2,,,,,,,,,,,,,,,,,,,,,,,,,,,,,,,,,,,,
Feather Arrow,5,,5,7.5,3,,,,,,,,,,,,,,,,,,,,,,,,,,,,,,,,,,,,
Fire Arrow,5,,5,7.5,3,,,,,,,,,,,,,,,,,,,,,,,,,,,,,,,,,,,,
Poison Arrow,5,,5,7.5,3,,,,,,,,,,,,,,,,,,,,,,,,,,,,,,,,,,,,
Dark Arrow,5,,5,7.5,3,,,,,,,,,,,,,,,,,,,,,,,,,,,,,,,,,,,,
Moonlight Arrow,5,,5,7.5,3,,,,,,,,,,,,,,,,,,,,,,,,,,,,,,,,,,,,
Dragonslayer Greatarrow,35,,35,,,42,,,,,,,,,,,,,,,,,,,,,,,,,,,,,,,,,,,
Dragonslayer Lightning Arrow,35,,35,,,42,,,,,,,,,,,,,,,,,,,,,,,,,,,,,,,,,,,
Onislayer Greatarrow,35,,35,,,42,,,,,,,,,,,,,,,,,,,,,,,,,,,,,,,,,,,
Millwood Greatarrow,35,,35,,,42,42,,,,,,,,,,,,,,,,,,,,,,,,,,,,,,,,,,
Bolts,Base,,Fired normally,Avelyn,,,,,,,,,,,,,,,,,,,,,,,,,,,,,,,,,,,,,
Wood Bolt,5,,5,2.5,,,,,,,,,,,,,,,,,,,,,,,,,,,,,,,,,,,,,
Standard Bolt,5,,5,2.5,,,,,,,,,,,,,,,,,,,,,,,,,,,,,,,,,,,,,
Heavy Bolt,7,,7,3.5,,,,,,,,,,,,,,,,,,,,,,,,,,,,,,,,,,,,,
Sniper Bolt,7,,7,3.5,,,,,,,,,,,,,,,,,,,,,,,,,,,,,,,,,,,,,
Lightning Bolt,5,,5,2.5,,,,,,,,,,,,,,,,,,,,,,,,,,,,,,,,,,,,,
Splintering Bolt,3,,3,1.5,,,,,,,,,,,,,,,,,,,,,,,,,,,,,,,,,,,,,
Exploding Bolt,12,,12,6,,,,,,,,,,,,,,,,,,,,,,,,,,,,,,,,,,,,,
Sorcery,Base,,,,,,,,,,,,,,,,,,,,,,,,,,,,,,,,,,,,,,,,
Farron Dart,5,,,,,,,,,,,,,,,,,,,,,,,,,,,,,,,,,,,,,,,,
Great Farron Dart,5,,,,,,,,,,,,,,,,,,,,,,,,,,,,,,,,,,,,,,,,
Soul Arrow,14,,,,,,,,,,,,,,,,,,,,,,,,,,,,,,,,,,,,,,,,
Great Soul Arrow,14,,,,,,,,,,,,,,,,,,,,,,,,,,,,,,,,,,,,,,,,
Heavy Soul Arrow,27,,,,,,,,,,,,,,,,,,,,,,,,,,,,,,,,,,,,,,,,
Great Heavy Soul Arrow,27,,,,,,,,,,,,,,,,,,,,,,,,,,,,,,,,,,,,,,,,
Homing Soul Mass,3,,,,,,,,,,,,,,,,,,,,,,,,,,,,,,,,,,,,,,,,
Homing Crystal Soul Mass,3,,,,,,,,,,,,,,,,,,,,,,,,,,,,,,,,,,,,,,,,
Soul Spear,27,,,,,,,,,,,,,,,,,,,,,,,,,,,,,,,,,,,,,,,,
Crystal Soul Spear,27,,,,,,,,,,,,,,,,,,,,,,,,,,,,,,,,,,,,,,,,
Deep Soul,10,,,,,,,,,,,,,,,,,,,,,,,,,,,,,,,,,,,,,,,,
Great Deep Soul,10,,,,,,,,,,,,,,,,,,,,,,,,,,,,,,,,,,,,,,,,
Crystal Dragon Breath,5,,,,,,,,,,,,,,,,,,,,,,,,,,,,,,,,,,,,,,,,
Farron Hail,4,,,,,,,,,,,,,,,,,,,,,,,,,,,,,,,,,,,,,,,,
Crystal Hail,5,,,,,,,,,,,,,,,,,,,,,,,,,,,,,,,,,,,,,,,,
Soul Greatsword,27,,,,,,,,,,,,,,,,,,,,,,,,,,,,,,,,,,,,,,,,
Farron Flashsword,10,,,,,,,,,,,,,,,,,,,,,,,,,,,,,,,,,,,,,,,,
Affinity,3,,,,,,,,,,,,,,,,,,,,,,,,,,,,,,,,,,,,,,,,
Dark Edge,40,,,,,,,,,,,,,,,,,,,,,,,,,,,,,,,,,,,,,,,,
Soul Stream,10,,,,,,,,,,,,,,,,,,,,,,,,,,,,,,,,,,,,,,,,
Pestilent Mercury,5,,,,,,,,,,,,,,,,,,,,,,,,,,,,,,,,,,,,,,,,
Snap Freeze,0,,,,,,,,,,,,,,,,,,,,,,,,,,,,,,,,,,,,,,,,
Pyromancy,Base,,,,,,,,,,,,,,,,,,,,,,,,,,,,,,,,,,,,,,,,
Fireball,17,,5 (Splash),,,,,,,,,,,,,,,,,,,,,,,,,,,,,,,,,,,,,,
Fire Orb,21,,5 (Splash),,,,,,,,,,,,,,,,,,,,,,,,,,,,,,,,,,,,,,
Firestorm,10,,,,,,,,,,,,,,,,,,,,,,,,,,,,,,,,,,,,,,,,
Fire Surge,2,,,,,,,,,,,,,,,,,,,,,,,,,,,,,,,,,,,,,,,,
Black Serpent,20,,,,,,,,,,,,,,,,,,,,,,,,,,,,,,,,,,,,,,,,
Great Combustion,,,15 (Initial),20 (Explosion),10 (Lingering),,,,,,,,,,,,,,,,,,,,,,,,,,,,,,,,,,,,
Poison Mist,0,,,,,,,,,,,,,,,,,,,,,,,,,,,,,,,,,,,,,,,,
Toxic Mist,0,,,,,,,,,,,,,,,,,,,,,,,,,,,,,,,,,,,,,,,,
Acid Surge,0,,,,,,,,,,,,,,,,,,,,,,,,,,,,,,,,,,,,,,,,
Great Chaos Fire Orb,25,,25 (Splash),5 (Lava),,,,,,,,,,,,,,,,,,,,,,,,,,,,,,,,,,,,,
Chaos Storm,10,,,,,,,,,,,,,,,,,,,,,,,,,,,,,,,,,,,,,,,,
Fire Whip,3,,,,,,,,,,,,,,,,,,,,,,,,,,,,,,,,,,,,,,,,
Black Flame,,,15 (Initial),30 (Explosion),20 (Lingering),,,,,,,,,,,,,,,,,,,,,,,,,,,,,,,,,,,,
Profaned Flame,,,15 (Initial),30 (Explosion),,,,,,,,,,,,,,,,,,,,,,,,,,,,,,,,,,,,,
Chaos Bed Vestiges,,,25 (Projectile),5 (Proximity),25 (Explosion),,,,,,,,,,,,,,,,,,,,,,,,,,,,,,,,,,,,
Black Fire Orb,30,,10 (Splash),,,,,,,,,,,,,,,,,,,,,,,,,,,,,,,,,,,,,,
Bursting Fireball,,,15 (Initial),6 (Projectile),6 (Splash),,,,,,,,,,,,,,,,,,,,,,,,,,,,,,,,,,,,
Boulder Heave,40,,40 (Splash),,,,,,,,,,,,,,,,,,,,,,,,,,,,,,,,,,,,,,
Floating Chaos,,,5 (Orb),20 (Projectile),,,,,,,,,,,,,,,,,,,,,,,,,,,,,,,,,,,,,
Miracles,Base,,,,,,,,,,,,,,,,,,,,,,,,,,,,,,,,,,,,,,,,
Force,10,,,,,,,,,,,,,,,,,,,,,,,,,,,,,,,,,,,,,,,,
Wrath of the Gods,10,,,,,,,,,,,,,,,,,,,,,,,,,,,,,,,,,,,,,,,,
Emit Force,10,,,,,,,,,,,,,,,,,,,,,,,,,,,,,,,,,,,,,,,,
Lightning Spear,20,,5 (In water),,,,,,,,,,,,,,,,,,,,,,,,,,,,,,,,,,,,,,
Great Lightning Spear,20,,10 (In water),,,,,,,,,,,,,,,,,,,,,,,,,,,,,,,,,,,,,,
Sunlight Spear,20,,10 (In water),,,,,,,,,,,,,,,,,,,,,,,,,,,,,,,,,,,,,,
Lightning Storm,20,,20 (Splash),,,,,,,,,,,,,,,,,,,,,,,,,,,,,,,,,,,,,,
Gnaw,15,,,,,,,,,,,,,,,,,,,,,,,,,,,,,,,,,,,,,,,,
Dorhys' Gnawing,15,,,,,,,,,,,,,,,,,,,,,,,,,,,,,,,,,,,,,,,,
Dead Again,30,,,,,,,,,,,,,,,,,,,,,,,,,,,,,,,,,,,,,,,,
Lightning Stake,10,,20 (Splash),,,,,,,,,,,,,,,,,,,,,,,,,,,,,,,,,,,,,,
Divine Pillars of Light,10,,,,,,,,,,,,,,,,,,,,,,,,,,,,,,,,,,,,,,,,
Lifehunt Scythe,30,,,,,,,,,,,,,,,,,,,,,,,,,,,,,,,,,,,,,,,,
Way of White Corona,10,,,,,,,,,,,,,,,,,,,,,,,,,,,,,,,,,,,,,,,,
Items,Base,,,,,,,,,,,,,,,,,,,,,,,,,,,,,,,,,,,,,,,,
Throwing Knife,5,,,,,,,,,,,,,,,,,,,,,,,,,,,,,,,,,,,,,,,,
Poison Throwing Knife,5,,,,,,,,,,,,,,,,,,,,,,,,,,,,,,,,,,,,,,,,
Kukri,10,,,,,,,,,,,,,,,,,,,,,,,,,,,,,,,,,,,,,,,,
Firebomb,10,,,,,,,,,,,,,,,,,,,,,,,,,,,,,,,,,,,,,,,,
Rope Firebomb,10,,,,,,,,,,,,,,,,,,,,,,,,,,,,,,,,,,,,,,,,
Black Firebomb,10,,,,,,,,,,,,,,,,,,,,,,,,,,,,,,,,,,,,,,,,
Rope Black Firebom,10,,,,,,,,,,,,,,,,,,,,,,,,,,,,,,,,,,,,,,,,
Lightning Urn,10,,5 (Splash),,,,,,,,,,,,,,,,,,,,,,,,,,,,,,,,,,,,,,
Dung Pie,0,,,,,,,,,,,,,,,,,,,,,,,,,,,,,,,,,,,,,,,,
Stalk Dung Pie,0,,,,,,,,,,,,,,,,,,,,,,,,,,,,,,,,,,,,,,,,
Undead Hunter Charm,0,,,,,,,,,,,,,,,,,,,,,,,,,,,,,,,,,,,,,,,,
Duel Charm,0,,,,,,,,,,,,,,,,,,,,,,,,,,,,,,,,,,,,,,,,
