武器,基础削韧值,,单持R1a,单持R1b,单持R1c,单持R2a,单持R2b,满蓄单持R2a,满蓄单持R2b,单持滚攻,单持跑攻,单持跳跃攻击,,双持R1a,双持R1b,双持R1c,双持R2a,双持R2b,满蓄双持R2a,满蓄双持R2b,双持滚攻,双持跑攻,双持跳跃攻击,,踢技,,战技1,战技2,战技3,战技4,箭步R1a,箭步R1b,箭步R2a,箭步R2b,战技子弹,,L1a,L1b,L1c,成对武器滚攻,成对武器跑攻
匕首类,基础削韧值,,单持R1a,单持R1b,单持R1c,单持R2a,单持R2b,满蓄单持R2a,满蓄单持R2b,单持滚攻,单持跑攻,单持跳跃攻击,,双持R1a,双持R1b,双持R1c,双持R2a,双持R2b,满蓄双持R2a,满蓄双持R2b,双持滚攻,双持跑攻,双持跳跃攻击,,踢技,,战技1,战技2,战技3,战技4,箭步R1a,箭步R1b,箭步R2a,箭步R2b,战技子弹,,L1a,L1b,L1c,成对武器滚攻,成对武器跑攻
匕首,10,,10,10,10,13,13,15.5,15.5,10,11,11,,13,13,13,15.5,15.5,16.5,16.5,13,14,14,,,,,,,,,,,,,,,,,,
格挡匕首,10,,10,10,10,13,13,15.5,15.5,10,11,11,,13,13,13,15.5,15.5,16.5,16.5,13,14,14,,,,,,,,,,,,,,,,,,
破甲细剑,10,,10,10,10,13,13,15.5,15.5,10,11,11,,13,13,13,15.5,15.5,16.5,16.5,13,14,14,,,,28,,,,,,,,,,,,,,
镰刀剑,10,,10,10,10,13,13,15.5,15.5,10,11,11,,13,13,13,15.5,15.5,16.5,16.5,13,14,14,,,,,,,,,,,,,,,,,,
盗贼短刀,10,,10,10,10,13,13,15.5,15.5,10,11,11,,13,13,13,15.5,15.5,15.5,16.5,13,14,14,,,,,,,,,,,,,,,,,,
咕噜腐败短刀,10,,10,10,10,13,13,15.5,15.5,10,11,11,,13,13,13,15.5,15.5,15.5,16.5,13,14,14,,,,,,,,,,,,,,,,,,
鸦人大短刀,10,,10,10,10,13,13,15.5,15.5,10,11,11,,13,13,13,15.5,15.5,15.5,16.5,13,14,14,,,,28,,,,,,,,,,,,,,
侍女短剑,10,,10,10,10,13,13,15.5,15.5,10,11,11,,13,13,13,15.5,15.5,16.5,16.5,13,14,14,,,,28,,,,,,,,,,,,,,
贤者烛台,10,,10,10,10,13,13,15.5,15.5,10,11,11,,13,13,13,15.5,15.5,16.5,16.5,13,14,14,,,,,,,,,,,,,,,,,,
尾骨短剑,10,,10,10,10,13,13,15.5,15.5,10,11,11,,13,13,13,15.5,15.5,16.5,16.5,13,14,14,,,,,,,,,,,,11,,,,,,
成对山贼短刀,10,,10,10,10,13,13,15.5,15.5,10,11,11,,,,,,,,,,,,,,,,,,,,,,,,,8 8,8 8,8 8,7 7,8 8
直剑类,基础削韧值,,单持R1a,单持R1b,单持R1c,单持R2a,单持R2b,满蓄单持R2a,满蓄单持R2b,单持滚攻,单持跑攻,单持跳跃攻击,,双持R1a,双持R1b,双持R1c,双持R2a,双持R2b,满蓄双持R2a,满蓄双持R2b,双持滚攻,双持跑攻,双持跳跃攻击,,踢技,,战技1,战技2,战技3,战技4,箭步R1a,箭步R1b,箭步R2a,箭步R2b,战技子弹,,L1a,L1b,L1c,成对武器滚攻,成对武器跑攻
短剑,14,,14,14,14,18.2,18.2,21.7,21.7,14,15.4,15.4,,18.2,18.2,18.2,21.7,21.7,23.1,23.1,18.2,19.6,19.6,,,,,,,,23.8,,28,,,,,,,,
长剑,14,,14,14,14,18.2,18.2,21.7,21.7,14,15.4,15.4,,18.2,18.2,18.2,21.7,21.7,23.1,23.1,18.2,19.6,19.6,,,,,,,,23.8,,28,,,,,,,,
阔剑,14,,14,14,14,18.2,18.2,21.7,21.7,14,15.4,15.4,,18.2,18.2,18.2,21.7,21.7,23.1,23.1,18.2,19.6,19.6,,,,,,,,23.8,,28,,,,,,,,
已折断的直剑,14,,14,14,14,18.2,18.2,21.7,21.7,14,15.4,15.4,,18.2,18.2,18.2,21.7,21.7,23.1,23.1,18.2,19.6,19.6,,,,,,,,23.8,,28,,,,,,,,
亚斯特拉直剑,14,,14,14,14,18.2,18.2,21.7,21.7,14,15.4,15.4,,18.2,18.2,18.2,21.7,21.7,23.1,23.1,18.2,19.6,19.6,,,,,,,,23.8,,28,,,,,,,,
洛斯里克骑士剑,14,,14,14,14,18.2,18.2,21.7,21.7,14,15.4,15.4,,18.2,18.2,18.2,21.7,21.7,23.1,23.1,18.2,19.6,19.6,,,,,,,,23.8,,28,,,,,,,,
刺针直剑,14,,14,14,14,18.2,18.2,21.7,21.7,14,15.4,15.4,,18.2,18.2,18.2,21.7,21.7,23.1,23.1,18.2,19.6,19.6,,,,,,,,23.8,,28,,,,,,,,
黑暗剑,14,,14,14,14,18.2,18.2,21.7,21.7,14,15.4,15.4,,18.2,18.2,18.2,21.7,21.7,23.1,23.1,18.2,19.6,19.6,,,,,,,,30.8,,,,,,,,,,
圣者烛台,14,,14,14,14,18.2,18.2,21.7,21.7,14,15.4,15.4,,18.2,18.2,18.2,21.7,21.7,23.1,23.1,18.2,19.6,19.6,,,,,,,,,,,,,,,,,,
伊鲁席尔直剑,14,,14,14,14,18.2,18.2,21.7,21.7,14,15.4,15.4,,18.2,18.2,18.2,21.7,21.7,23.1,23.1,18.2,19.6,19.6,,,,,,,,23.8,,28,,,,,,,,
安里的直剑,14,,14,14,14,18.2,18.2,21.7,21.7,14,15.4,15.4,,18.2,18.2,18.2,21.7,21.7,23.1,23.1,18.2,19.6,19.6,,,,,,,,23.8,,28,,,,,,,,
太阳直剑,14,,14,14,14,18.2,18.2,21.7,21.7,14,15.4,15.4,,18.2,18.2,18.2,21.7,21.7,23.1,23.1,18.2,19.6,19.6,,,,,,,,,,,,,,,,,,
摩利安刃剑,14,,14,14,14,18.2,18.2,21.7,21.7,14,15.4,15.4,,18.2,18.2,18.2,21.7,21.7,23.1,23.1,18.2,19.6,19.6,,,,,,,,23.8,,28,,,,,,,,
洛斯里克圣剑,14,,14,14,14,18.2,18.2,21.7,21.7,14,15.4,15.4,,18.2,18.2,18.2,21.7,21.7,23.1,23.1,18.2,19.6,19.6,,,,14,,,,,,,,7,,,,,,
歌德希尔特对剑,14,,14,14,14,18.2,18.2,21.7,21.7,14,15.4,15.4,,,,,,,,,,,,,,,1.4,6.3,6.3,,,,,,,,11.2 11.2,11.2 11.2,11.2 11.2,9.8 9.8,11.2 11.2
果敢心,14,,14,14,14,18.2,18.2,21.7,21.7,14,15.4,15.4,,18.2,22.4,18.2,,,,,,,,,,,,,,,21,,35,,,,,,,18.2 18.2,
大剑类,基础削韧值,,单持R1a,单持R1b,单持R1c,单持R2a,单持R2b,满蓄单持R2a,满蓄单持R2b,单持滚攻,单持跑攻,单持跳跃攻击,,双持R1a,双持R1b,双持R1c,双持R2a,双持R2b,满蓄双持R2a,满蓄双持R2b,双持滚攻,双持跑攻,双持跳跃攻击,,踢技,,战技1,战技2,战技3,战技4,箭步R1a,箭步R1b,箭步R2a,箭步R2b,战技子弹,,L1a,L1b,L1c,成对武器滚攻,成对武器跑攻
混种大剑,26,,26,26,26,33.8,33.8,40.3,40.3,26,28.6,28.6,,33.8,33.8,33.8,40.3,40.3,42.9,42.9,33.8,36.4,36.4,,,,57.2,,,,,,,,,,,,,,
大剑,26,,26,26,26,33.8,33.8,40.3,40.3,26,28.6,28.6,,33.8,33.8,33.8,40.3,40.3,42.9,42.9,33.8,36.4,36.4,,,,,,,,39,,46.8,,,,,,,,
焰形大剑,26,,26,26,26,33.8,33.8,40.3,40.3,26,28.6,28.6,,33.8,33.8,33.8,40.3,40.3,42.9,42.9,33.8,36.4,36.4,,,,,,,,39,,46.8,,,,,,,,
龙血大剑,26,,26,26,26,33.8,33.8,40.3,40.3,26,28.6,28.6,,33.8,33.8,33.8,40.3,40.3,42.9,42.9,33.8,36.4,36.4,,,,,,,,39,,46.8,,,,,,,,
处刑者大剑,26,,26,26,26,33.8,33.8,40.3,40.3,26,28.6,28.6,,33.8,33.8,33.8,40.3,40.3,42.9,42.9,33.8,36.4,36.4,,,,,,,,13,33.8,,,,,,,,,
黑骑士剑,26,,26,26,26,39,39,45.5,45.5,26,28.6,28.6,,33.8,33.8,33.8,45.5,40.3,48.1,42.9,33.8,36.4,36.4,,,,,,,,,,,,,,,,,,
缟玛瑙刃剑,26,,26,26,26,33.8,33.8,40.3,40.3,26,28.6,28.6,,33.8,33.8,33.8,40.3,40.3,42.9,42.9,33.8,36.4,36.4,,,,28.6,,,,,,,,28.6,,,,,,
猎杀游魂大剑,26,,26,26,26,33.8,33.8,40.3,40.3,26,28.6,28.6,,33.8,33.8,33.8,40.3,40.3,42.9,42.9,33.8,36.4,36.4,,,,,,,,39,,46.8,,,,,,,,
沃尼尔圣剑,26,,26,26,26,33.8,33.8,40.3,40.3,26,28.6,28.6,,33.8,33.8,33.8,40.3,40.3,42.9,42.9,33.8,36.4,36.4,,,,33.8,,,,,,,,26,,,,,,
制裁大剑,26,,26,26,26,33.8,33.8,40.3,40.3,26,28.6,28.6,,33.8,33.8,33.8,40.3,40.3,42.9,42.9,33.8,36.4,36.4,,,,,,,,39,,33.8,,26,,,,,,
风暴管束者,26,,26,26,26,33.8,33.8,40.3,40.3,26,28.6,28.6,,33.8,33.8,33.8,40.3,40.3,42.9,42.9,33.8,36.4,36.4,,,,,,,,,,,,39,,,,,,
狼骑士大剑,26,,26,26,26,33.8,33.8,40.3,40.3,26,28.6,28.6,,33.8,33.8,33.8,33.8,40.3,40.3,42.9,33.8,36.4,36.4,,,,,,,,13,23.4,49.4,,,,,,,,
月光大剑,26,,26,26,26,33.8,33.8,35.1 13.5,35.1 13.5,26,28.6,28.6,,33.8,33.8,33.8,40.3,40.3,41.85 13.5,41.85 13.5,33.8,36.4,36.4,,,,33.8,,,,,,,,13,,,,,,
传火大剑,26,,26,26,26,33.8,33.8,40.3,40.3,26,28.6,28.6,,33.8,33.8,33.8,40.3,40.3,42.9,42.9,33.8,36.4,36.4,,,,33.8,,,,,,,,13,,,,,,
孪生王子大剑,26,,26,26,26,33.8,33.8,40.3,40.3,26,28.6,28.6,,33.8,33.8,33.8,40.3,40.3,42.9,42.9,33.8,36.4,36.4,,,,,,,,26,,46.8,,13,,,,,,
特大剑类,基础削韧值,,单持R1a,单持R1b,单持R1c,单持R2a,单持R2b,满蓄单持R2a,满蓄单持R2b,单持滚攻,单持跑攻,单持跳跃攻击,,双持R1a,双持R1b,双持R1c,双持R2a,双持R2b,满蓄双持R2a,满蓄双持R2b,双持滚攻,双持跑攻,双持跳跃攻击,,踢技,,战技1,战技2,战技3,战技4,箭步R1a,箭步R1b,箭步R2a,箭步R2b,战技子弹,,L1a,L1b,L1c,成对武器滚攻,成对武器跑攻
双手巨剑,31,,31,31,31,40.3,40.3,48.05,48.05,31,34.1,34.1,,40.3,40.3,40.3,48.05,48.05,51.15,51.15,40.3,43.4,43.4,,,,,,,,65.1,,,,,,,,,,
巨剑,31,,31,31,31,40.3,40.3,48.05,48.05,31,34.1,34.1,,40.3,40.3,40.3,48.05,48.05,51.15,51.15,40.3,43.4,43.4,,,,,,,,40.3,40.3,15.5,40.3,,,,,,,
亚斯特拉大剑,31,,31,31,31,40.3,40.3,48.05,48.05,31,34.1,34.1,,40.3,40.3,40.3,40.3,48.05,48.05,51.15,40.3,43.4,43.4,,,,3.1,31,,,,,,,,,,,,,
洛斯里克骑士大剑,31,,31,31,31,40.3,40.3,48.05,48.05,31,34.1,34.1,,40.3,40.3,40.3,48.05,48.05,51.15,51.15,40.3,43.4,43.4,,,,,,,,65.1,,,,,,,,,,
教堂骑士大剑,31,,31,31,31,40.3,40.3,48.05,48.05,31,34.1,34.1,,40.3,40.3,40.3,48.05,48.05,51.15,51.15,40.3,43.4,43.4,,,,,,,,40.3,40.3,15.5,,,,,,,,
黑骑士大剑,31,,31,31,31,46.5,40.3,54.25,48.05,31,34.1,34.1,,40.3,40.3,40.3,16.5 54.2,48.05,57.35,51.15,40.3,43.4,43.4,,,,,,,,40.3,40.3,65.1,,,,,,,,
罪业大剑,31,,31,31,31,40.3,40.3,40.3,48.05,31,34.1,34.1,,40.3,40.3,40.3,48.05,48.05,48.05,48.36,40.3,43.4,43.4,,,,,,,,58.9,,,,,,,,,,
漫烟特大剑,31,,31,31,31,40.3,40.3,48.05,48.05,31,34.1,34.1,,40.3,40.3,40.3,48.05,48.05,51.15,51.15,40.3,43.4,43.4,,,,,,,,40.3,40.3,65.1,,,,,,,,
洛里安大剑,31,,31,31,31,40.3,40.3,48.05,48.05,31,34.1,34.1,,40.3,40.3,40.3,48.05,48.05,51.15,51.15,40.3,43.4,43.4,,,,,,,,,,65.1,,15.5,,,,,,
法兰大剑,31,,31,31,31,40.3,40.3,48.05,48.05,31,34.1,34.1,,,,,,,,,,,,,,,,,,,,,,,,,9.3 31,9.3 31,9.3 31,9.3 31,12.4 31
曲剑类,基础削韧值,,单持R1a,单持R1b,单持R1c,单持R2a,单持R2b,满蓄单持R2a,满蓄单持R2b,单持滚攻,单持跑攻,单持跳跃攻击,,双持R1a,双持R1b,双持R1c,双持R2a,双持R2b,满蓄双持R2a,满蓄双持R2b,双持滚攻,双持跑攻,双持跳跃攻击,,踢技,,战技1,战技2,战技3,战技4,箭步R1a,箭步R1b,箭步R2a,箭步R2b,战技子弹,,L1a,L1b,L1c,成对武器滚攻,成对武器跑攻
短弯刀,14,,14,14,14,8.4 9.8,18.2,7.7 14,21.7,14,15.4,15.4,,18.2,18.2,18.2,9.1 12.6,21.7,9.1 14,23.1,18.2,19.6,19.6,,9.8,,3.5,3.5,16.8,,,,,,,,,,,,
弯刃大刀,14,,14,14,14,18.2,18.2,21.7,21.7,14,15.4,15.4,,18.2,18.2,18.2,21.7,21.7,23.1,23.1,18.2,19.6,19.6,,9.8,,3.5,3.5,16.8,,,,,,,,,,,,
钩剑,14,,14,14,14,18.2,18.2,21.7,21.7,14,15.4,15.4,,18.2,18.2,18.2,21.7,21.7,23.1,23.1,18.2,19.6,19.6,,9.8,,3.5,3.5,16.8,,,,,,,,,,,,
卡萨斯曲刀,14,,14,14,14,18.2,18.2,21.7,21.7,14,15.4,15.4,,18.2,18.2,18.2,21.7,21.7,23.1,23.1,18.2,19.6,19.6,,9.8,,3.5,3.5,16.8,,,,,,,,,,,,
卡萨斯钩剑,14,,14,14,14,18.2,18.2,21.7,21.7,14,15.4,15.4,,18.2,18.2,18.2,21.7,21.7,23.1,23.1,18.2,19.6,19.6,,9.8,,3.5,3.5,14,,,,,,,,,,,,
咕噜腐败曲刀,14,,14,14,14,8.4 9.8,18.2,7.7 14,21.7,14,15.4,15.4,,18.2,18.2,18.2,9.1 12.6,21.7,9.1 14,23.1,18.2,19.6,19.6,,9.8,,3.5,3.5,16.8,,,,,,,,,,,,
绘画使者曲剑,14,,14,14,14,8.4 9.9,18.2,7.7 15,21.7,14,15.4,15.4,,18.2,18.2,18.2,9.1 12.7,21.7,9.1 15,23.1,18.2,19.6,19.6,,9.8,,3.5,3.5,3.5,16.8,,,,,,,,,,,
幽魂军刀,14,,14,14,14,18.2,18.2,21.7,21.7,14,15.4,15.4,,18.2,18.2,18.2,21.7,21.7,23.1,23.1,18.2,19.6,19.6,,9.8,,14,16.8,25.2,,,,,,,,,,,,
教宗骑士曲剑,14,,14,14,14,8.4 9.9,18.2,7.7 15,21.7,14,15.4,15.4,,18.2,18.2,18.2,9.1 12.7,21.7,9.1 15,23.1,18.2,19.6,19.6,,9.8,,3.5,3.5,,,,,,,16.8,,,,,,
月牙曲剑,14,,14,14,14,18.2,18.2,21.7,21.7,14,15.4,15.4,,18.2,18.2,18.2,21.7,21.7,23.1,23.1,18.2,19.6,19.6,,9.8,,11.2,,,,,,,,14,,,,,,
风暴曲剑,14,,14,14,14,18.2,18.2,21.7,21.7,14,15.4,15.4,,18.2,18.2,18.2,21.7,21.7,23.1,23.1,18.2,19.6,19.6,,9.8,,3.5,3.5,16.8,,,,,,0.7,,,,,,
佣兵对刀,14,,14,14,14,8.4 9.9,18.2,7.7 15,21.7,14,15.4,15.4,,,,,,,,,,,,,,,2.1,6.3,,,,,,,,,11.2 11.2,11.2 11.2,11.2 11.2,9.8 9.8,11.2 11.2
守墓人对刀,14,,14,14,14,8.4 10,18.2,7.7 16,21.7,14,15.4,15.4,,,,,,,,,,,,,,,2.1,6.3,,,,,,,,,11.2 11.2,11.2 11.2,11.2 11.2,9.8 9.8,11.2 11.2
成对舞娘魔剑,14,,14,14,14,18.2,18.2,21.7,21.7,14,15.4,15.4,,,,,,,,,,,,,,,2.1,2.1,8.4,,,,,,,,,,,,
大曲剑类,基础削韧值,,单持R1a,单持R1b,单持R1c,单持R2a,单持R2b,满蓄单持R2a,满蓄单持R2b,单持滚攻,单持跑攻,单持跳跃攻击,,双持R1a,双持R1b,双持R1c,双持R2a,双持R2b,满蓄双持R2a,满蓄双持R2b,双持滚攻,双持跑攻,双持跳跃攻击,,踢技,,战技1,战技2,战技3,战技4,箭步R1a,箭步R1b,箭步R2a,箭步R2b,战技子弹,,L1a,L1b,L1c,成对武器滚攻,成对武器跑攻
丛云,31,,31,31,31,40.3,40.3,48.05,48.05,31,34.1,34.1,,40.3,40.3,40.3,48.05,48.05,51.15,51.15,40.3,43.4,43.4,,,,12.4,12.4,46.5,,,,,,,,,,,,
卡萨斯大曲刀,31,,31,31,31,40.3,40.3,48.05,48.05,31,34.1,34.1,,40.3,40.3,40.3,48.05,48.05,51.15,51.15,40.3,43.4,43.4,,,,12.4,12.4,46.5,,,,,,,,,,,,
流放者大刀,31,,31,31,31,40.3,40.3,48.05,48.05,31,34.1,34.1,,40.3,40.3,40.3,48.05,48.05,51.15,51.15,40.3,43.4,43.4,,,,12.4,12.4,46.5,,,,,,,,,,,,
老狼曲剑,31,,31,31,31,40.3,40.3,48.05,48.05,31,34.1,34.1,,40.3,40.3,40.3,48.05,48.05,51.15,51.15,40.3,43.4,43.4,,,,15.5,40.3,,,,,,,,,,,,,
刺剑类,基础削韧值,,单持R1a,单持R1b,单持R1c,单持R2a,单持R2b,满蓄单持R2a,满蓄单持R2b,单持滚攻,单持跑攻,单持跳跃攻击,,双持R1a,双持R1b,双持R1c,双持R2a,双持R2b,满蓄双持R2a,满蓄双持R2b,双持滚攻,双持跑攻,双持跳跃攻击,,踢技,,战技1,战技2,战技3,战技4,箭步R1a,箭步R1b,箭步R2a,箭步R2b,战技子弹,,L1a,L1b,L1c,成对武器滚攻,成对武器跑攻
细剑,11,,11,11,11,14.3,14.3,17.05,17.05,11,12.1,12.1,,14.3,14.3,14.3,17.05,17.05,18.15,18.15,14.3,15.4,15.4,,8.8,,,,,,13.2,,2.75,13.2,,,,,,,
刺剑,11,,11,11,11,14.3,14.3,17.05,17.05,11,12.1,12.1,,14.3,14.3,14.3,17.05,17.05,18.15,18.15,14.3,15.4,15.4,,8.8,,14.3,,,,,,,,,,,,,,
里卡尔刺剑,11,,11,11,11,14.3,14.3,17.05,17.05,11,12.1,12.1,,14.3,14.3,14.3,17.05,17.05,18.15,18.15,14.3,15.4,15.4,,8.8,,1.1,14.3,,,,,,,,,,,,,
伊鲁席尔刺剑,11,,11,11,11,14.3,14.3,17.05,17.05,11,12.1,12.1,,14.3,14.3,14.3,17.05,17.05,18.15,18.15,14.3,15.4,15.4,,8.8,,16.5,,,,,,,,,,,,,,
结晶老者刺剑,11,,11,11,11,14.3,14.3,17.05,17.05,11,12.1,12.1,,14.3,14.3,14.3,17.05,17.05,18.15,18.15,14.3,15.4,15.4,,8.8,,,,,,13.2,,2.75,13.2,,,,,,,
鸦羽,11,,11,11,11,14.3,14.3,17.05,17.05,11,12.1,12.1,,,,,,,,,,,,,8.8,,,,,,,,,,3.3,,8.8 8.8,8.8 8.8,8.8 8.8,7.15 7.15,11 11
太刀类,基础削韧值,,单持R1a,单持R1b,单持R1c,单持R2a,单持R2b,满蓄单持R2a,满蓄单持R2b,单持滚攻,单持跑攻,单持跳跃攻击,,双持R1a,双持R1b,双持R1c,双持R2a,双持R2b,满蓄双持R2a,满蓄双持R2b,双持滚攻,双持跑攻,双持跳跃攻击,,踢技,,战技1,战技2,战技3,战技4,箭步R1a,箭步R1b,箭步R2a,箭步R2b,战技子弹,,L1a,L1b,L1c,成对武器滚攻,成对武器跑攻
打刀,14,,14,14,14,18.2,18.2,21.7,21.7,14,15.4,15.4,,18.2,18.2,18.2,21.7,21.7,23.1,23.1,18.2,19.6,19.6,,,,,,,,21,,,,,,,,,,
打刀(无柄伤),14,,,,,,,,,,14,,,,,,,,,,,18.2,,,,,,,,,,,,,,,,,,,
晾衣长刀,14,,14,14,14,18.2,18.2,21.7,21.7,14,15.4,15.4,,18.2,18.2,18.2,18.2,21.7,21.7,23.1,18.2,19.6,19.6,,,,,,,,21,,,,,,,,,,
晾衣长刀（无柄伤）,14,,11.2,,,15.4,,18.2,,,12.6,,,15.4,,,15.4,,18.9,,,16.8,,,,,,,,,,,,,,,,,,,
黑刀,14,,14,14,14,18.2,18.2,21.7,21.7,14,15.4,15.4,,18.2,18.2,18.2,21.7,21.7,23.1,23.1,18.2,19.6,19.6,,,,,,,,21,,,,,,,,,,
黑刀（无柄伤）,14,,,,,,,,,,14,,,,,,,,,,,18.2,,,,,,,,,,,,,,,,,,,
血癫狂,14,,14,14,14,18.2,18.2,21.7,21.7,14,15.4,15.4,,18.2,18.2,18.2,21.7,21.7,23.1,23.1,18.2,19.6,19.6,,,,14,,,,,,,,,,,,,,
血癫狂（无柄伤）,14,,,,,,,,,,14,,,,,,,,,,,18.2,,,,,,,,,,,,,,,,,,,
混沌刀刃,14,,14,14,14,18.2,18.2,21.7,21.7,14,15.4,15.4,,18.2,18.2,18.2,21.7,21.7,23.1,23.1,18.2,19.6,19.6,,,,,,,,21,,,,,,,,,,
混沌刀刃（无柄伤）,14,,,,,,,,,,14,,,,,,,,,,,18.2,,,,,,,,,,,,,,,,,,,
暗胧,14,,14,14,14,18.2,18.2,21.7,21.7,14,15.4,15.4,,18.2,18.2,18.2,21.7,21.7,23.1,23.1,18.2,19.6,19.6,,,,21,,,,,,,,,,,,,,
暗胧(无柄伤),14,,,,,14.56,,17.36,,,14,,,,,,17.36,,18.48,,,18.2,,,,,,,,,,,,,,,,,,,
鬼切与姥断,14,,14,14,14,18.2,18.2,21.7,21.7,14,15.4,15.4,,,,,,,,,,,,,,,16.8,1.4,,,,,,,,,11.2 11.2,11.2 11.2,11.2 11.2,9.1 9.1,14 14
鬼切与姥断（无柄伤,14,,,,,,,,,,14,,,,,,,,,,,,,,,,,,,,,,,,,,11.2 11.2,11.2 11.2,11.2 11.2,9.1 9.1,14 14
斧类,基础削韧值,,单持R1a,单持R1b,单持R1c,单持R2a,单持R2b,满蓄单持R2a,满蓄单持R2b,单持滚攻,单持跑攻,单持跳跃攻击,,双持R1a,双持R1b,双持R1c,双持R2a,双持R2b,满蓄双持R2a,满蓄双持R2b,双持滚攻,双持跑攻,双持跳跃攻击,,踢技,,战吼单持R2,满蓄战吼单持R2,战吼双持R2,满蓄战吼双持R2,箭步R1a,箭步R1b,箭步R2a,箭步R2b,战技子弹,,L1a,L1b,L1c,成对武器滚攻,成对武器跑攻
手斧,14,,14,14,14,18.2,18.2,21.7,21.7,14,15.4,15.4,,18.2,18.2,18.2,21.7,21.7,23.1,23.1,18.2,19.6,19.6,,,,21,24.5,24.5,26.6,,,,,,,,,,,
奴隶手斧,14,,14,14,14,18.2,18.2,21.7,21.7,14,15.4,15.4,,18.2,18.2,18.2,21.7,21.7,23.1,23.1,18.2,19.6,19.6,,,,,,,,,,,,,,,,,,
战斧,14,,14,14,14,18.2,18.2,21.7,21.7,14,15.4,15.4,,18.2,18.2,18.2,21.7,21.7,23.1,23.1,18.2,19.6,19.6,,,,21,24.5,24.5,26.6,,,,,,,,,,,
山贼斧,14,,14,14,14,18.2,18.2,21.7,21.7,14,15.4,15.4,,18.2,18.2,18.2,21.7,21.7,23.1,23.1,18.2,19.6,19.6,,,,21,24.5,24.5,26.6,,,,,,,,,,,
屠龙斧,14,,14,14,14,18.2,18.2,21.7,21.7,14,15.4,15.4,,18.2,18.2,18.2,21.7,21.7,23.1,23.1,18.2,19.6,19.6,,,,21,24.5,24.5,26.6,,,,,,,,,,,
米尔伍德战斧,14,,14,14,14,18.2,18.2,21.7,21.7,14,15.4,15.4,,18.2,18.2,18.2,21.7,21.7,23.1,23.1,18.2,19.6,19.6,,,,21,24.5,24.5,26.6,,,,,,,,,,,
蛇人柴刀,14,,14,14,14,18.2,18.2,21.7,21.7,14,15.4,15.4,,18.2,18.2,18.2,21.7,21.7,23.1,23.1,18.2,19.6,19.6,,,,21,24.5,24.5,26.6,,,,,,,,,,,
切肉菜刀,14,,14,14,14,18.2,18.2,21.7,21.7,14,15.4,15.4,,18.2,18.2,18.2,21.7,21.7,23.1,23.1,18.2,19.6,19.6,,,,,,,,,,,,,,,,,,
艾莲诺拉,14,,14,14,14,18.2,18.2,21.7,21.7,14,15.4,15.4,,18.2,18.2,18.2,21.7,21.7,23.1,23.1,18.2,19.6,19.6,,,,,,,,,,,,,,,,,,
羽翼骑士断头斧,14,,14,14,14,18.2,18.2,21.7,21.7,14,15.4,15.4,,,,,,,,,,,,,,,2.8,10.5,,,,,,,,,11.2 11.2,11.2 11.2,11.2 11.2,9.1 9.1,14 14
大斧类,基础削韧值,,单持R1a,单持R1b,单持R1c,单持R2a,单持R2b,满蓄单持R2a,满蓄单持R2b,单持滚攻,单持跑攻,单持跳跃攻击,,双持R1a,双持R1b,双持R1c,双持R2a,双持R2b,满蓄双持R2a,满蓄双持R2b,双持滚攻,双持跑攻,双持跳跃攻击,,踢技,,战吼单持R2,满蓄战吼单持R2,战吼双持R2,满蓄战吼双持R2,箭步R1a,箭步R1b,箭步R2a,箭步R2b,战技子弹,,L1a,L1b,L1c,成对武器滚攻,成对武器跑攻
巨斧,31,,31,31,31,40.3,40.3,48.05,48.05,31,34.1,34.1,,40.3,40.3,40.3,48.05,48.05,51.15,51.15,40.3,43.4,43.4,,,,3.1 46.5,54.25,6.2 54.25,58.9,,,,,,,,,,,
大柴刀,31,,31,31,31,40.3,40.3,48.05,48.05,31,34.1,34.1,,40.3,40.3,40.3,48.05,48.05,51.15,51.15,40.3,43.4,43.4,,,,,,,,,,,,,,,,,,
黑骑士大斧,31,,31,31,31,46.5,46.5,57.35,57.35,31,34.1,34.1,,40.3,40.3,40.3,12.4 57.35,57.35,12.4 60.45,60.45,40.3,43.4,43.4,,,,3.1 34.1,54.25,6.2 54.25,58.9,,,,,,,,,,,
恶魔大斧,31,,31,31,31,40.3,40.3,48.05,48.05,31,34.1,34.1,,40.3,40.3,40.3,48.05,48.05,51.15,51.15,40.3,43.4,43.4,,,,52.7,,,,,,,,15.5,,,,,,
猎龙大斧,31,,31,31,31,40.3,40.3,48.05,48.05,31,34.1,34.1,,40.3,40.3,40.3,48.05,48.05,51.15,51.15,40.3,43.4,43.4,,,,52.7,,,,,,,,12.4 3.1,,,,,,
尤姆大柴刀,31,,31,31,31,40.3,40.3,48.05,48.05,31,34.1,34.1,,40.3,40.3,40.3,48.05,48.05,51.15,51.15,40.3,43.4,43.4,,,,15.5 31,18.6 35.65,15.5 31,18.6 35.65,,,,,,,,,,,
追地者,31,,31,31,31,40.3,40.3,48.05,48.05,31,34.1,34.1,,40.3,40.3,40.3,48.05,48.05,51.15,51.15,40.3,43.4,43.4,,,,31,31,,,,,,,62,,,,,,
槌类,基础削韧值,,单持R1a,单持R1b,单持R1c,单持R2a,单持R2b,满蓄单持R2a,满蓄单持R2b,单持滚攻,单持跑攻,单持跳跃攻击,,双持R1a,双持R1b,双持R1c,双持R2a,双持R2b,满蓄双持R2a,满蓄双持R2b,双持滚攻,双持跑攻,双持跳跃攻击,,踢技,,战吼单持R2,满蓄战吼单持R2,战吼双持R2,满蓄战吼双持R2,箭步R1a,箭步R1b,箭步R2a,箭步R2b,战技子弹,,L1a,L1b,L1c,成对武器滚攻,成对武器跑攻
棍棒,25,,25,25,25,32.5,32.5,38.75,38.75,25,27.5,27.5,,32.5,32.5,32.5,38.75,38.75,41.25,41.25,32.5,35,35,,,,2.5 37.5,2.5 43.75,2.5 37.5,2.5 43.75,,,,,,,,,,,
强化棍棒,25,,25,25,25,32.5,32.5,38.75,38.75,25,27.5,27.5,,32.5,32.5,32.5,38.75,38.75,41.25,41.25,32.5,35,35,,,,2.5 37.6,2.5 43.76,2.5 37.6,2.5 43.76,,,,,,,,,,,
锤矛,25,,25,25,25,32.5,32.5,38.75,38.75,25,27.5,27.5,,32.5,32.5,32.5,38.75,38.75,41.25,41.25,32.5,35,35,,,,,,,,,,,,,,,,,,
朝星锤,25,,25,25,25,32.5,32.5,38.75,38.75,25,27.5,27.5,,32.5,32.5,32.5,38.75,38.75,41.25,41.25,32.5,35,35,,,,,,,,,,,,,,,,,,
战镐,25,,25,25,25,32.5,32.5,38.75,38.75,25,27.5,27.5,,32.5,32.5,32.5,38.75,38.75,41.25,41.25,32.5,35,35,,,,,,,,,,,,,,,,,,
铁匠铁锤,25,,25,25,25,32.5,32.5,38.75,38.75,25,27.5,27.5,,32.5,32.5,32.5,38.75,38.75,41.25,41.25,32.5,35,35,,,,,,,,,,,,,,,,,,
海泽尔的十字镐,25,,25,25,25,,,,,25,27.5,27.5,,32.5,32.5,32.5,,,,,32.5,35,35,,,,,,,,,,,,,,,,,,
多兰对槌,25,,25,25,25,32.5,32.5,38.75,38.75,25,27.5,27.5,,,,,,,,,,,,,,,5 5,15 15,,,,,,,,,20 20,20 20,20 20,16.25 16.25,25 25
大锤类,基础削韧值,,单持R1a,单持R1b,单持R1c,单持R2a,单持R2b,满蓄单持R2a,满蓄单持R2b,单持滚攻,单持跑攻,单持跳跃攻击,,双持R1a,双持R1b,双持R1c,双持R2a,双持R2b,满蓄双持R2a,满蓄双持R2b,双持滚攻,双持跑攻,双持跳跃攻击,,踢技,,战吼单持R2,满蓄战吼单持R2,战吼双持R2,满蓄战吼双持R2,箭步R1a,箭步R1b,箭步R2a,箭步R2b,战技子弹,,L1a,L1b,L1c,成对武器滚攻,成对武器跑攻
大型棍棒,35,,35,35,35,45.5,45.5,54.25,54.25,35,38.5,38.5,,45.5,45.5,45.5,54.25,54.25,57.75,57.75,45.5,49,49,,,,14 35,14 35,17.5 38.5,17.5 38.5,,,,,,,,,,,
巨型棍棒,35,,35,35,35,45.5,45.5,54.25,54.25,35,38.5,38.5,,45.5,45.5,45.5,54.25,54.25,57.75,57.75,45.5,49,49,,,,14 36,14 36,17.5 38.6,17.5 38.6,,,,,,,,,,,
巨型锤矛,35,,35,35,35,45.5,45.5,54.25,54.25,35,38.5,38.5,,45.5,45.5,45.5,54.25,54.25,57.75,57.75,45.5,49,49,,,,,,,,,,,,,,,,,,
尖刺锤矛,35,,35,35,35,45.5,45.5,54.25,54.25,35,38.5,38.5,,45.5,45.5,45.5,54.25,54.25,57.75,57.75,45.5,49,49,,,,10.5,10.5,35,,,,,,,,,,,,
十字镐,35,,35,35,35,45.5,45.5,54.25,54.25,35,38.5,38.5,,45.5,45.5,45.5,54.25,54.25,57.75,57.75,45.5,49,49,,,,,,,,,,,,,,,,,,
大木槌,35,,35,35,35,45.5,45.5,54.25,54.25,35,38.5,38.5,,45.5,45.5,45.5,54.25,54.25,57.75,57.75,45.5,49,49,,,,10.5,10.5,35,,,,,,,,,,,,
石像鬼灯火槌,35,,35,35,35,45.5,45.5,54.25,54.25,35,38.5,38.5,,45.5,45.5,45.5,54.25,54.25,57.75,57.75,45.5,49,49,,,,17.5,,,,,,,,17.5,,,,,,
摩恩大锤,35,,35,35,35,45.5,45.5,54.25,54.25,35,38.5,38.5,,45.5,45.5,45.5,54.25,54.25,57.75,57.75,45.5,49,49,,,,35,,,,,,,,42,,,,,,
斯摩的锤子,35,,35,35,35,45.5,45.5,54.25,54.25,35,38.5,38.5,,45.5,45.5,45.5,54.25,54.25,57.75,57.75,45.5,49,49,,,,,,,,,,,,,,,,,,
地鸣岩槌,35,,35,35,35,45.5,45.5,54.25,54.25,35,38.5,38.5,,45.5,45.5,45.5,54.25,54.25,57.75,57.75,45.5,49,49,,,,45.5,45.5,,,,,,,54.25,,,,,,
玻尔多大锤,35,,35,35,35,45.5,45.5,54.25,54.25,35,38.5,38.5,,45.5,45.5,45.5,54.25,54.25,57.75,57.75,45.5,49,49,,,,,,,,,,,,,,,,,,
老王大槌,35,,35,35,35,45.5,45.5,54.25,54.25,35,38.5,38.5,,45.5,45.5,45.5,54.25,54.25,57.75,57.75,45.5,49,49,,,,59.5,59.5,,,,,,,17.5,,,,,,
大龙牙,35,,35,35,35,45.5,45.5,54.25,54.25,35,38.5,38.5,,45.5,45.5,45.5,54.25,54.25,57.75,57.75,45.5,49,49,,,,,,,,,,,,,,,,,,
枪类,基础削韧值,,单持R1a,单持R1b,单持R1c,单持R2a,单持R2b,满蓄单持R2a,满蓄单持R2b,单持滚攻,单持跑攻,单持跳跃攻击,,双持R1a,双持R1b,双持R1c,双持R2a,双持R2b,满蓄双持R2a,满蓄双持R2b,双持滚攻,双持跑攻,双持跳跃攻击,,踢技,,战技1,战技2,战技3,战技4,箭步R1a,箭步R1b,箭步R2a,箭步R2b,战技子弹,,L1a,L1b,L1c,成对武器滚攻,成对武器跑攻
枪,14,,14,14,14,18.2,18.2,21.7,21.7,14,15.4,15.4,,18.2,18.2,18.2,21.7,21.7,23.1,23.1,18.2,19.6,19.6,,,,21,,,,,,,,,,,,,,
枪（无柄伤）,14,,12.6,12.6,12.6,,,,,,,,,16.8,16.8,16.8,,,,,,,,,,,,,,,,,,,,,,,,,
燕翅枪,14,,14,14,14,18.2,18.2,21.7,21.7,14,15.4,15.4,,18.2,18.2,18.2,21.7,21.7,23.1,23.1,18.2,19.6,19.6,,,,2.1,21,,,,,,,,,,,,,
燕翅枪（无柄伤）,14,,12.6,12.6,12.6,,,,,,,,,16.8,16.8,16.8,,,,,,,,,,,,,,,,,,,,,,,,,
游击枪,14,,14,14,14,18.2,18.2,21.7,21.7,14,15.4,15.4,,18.2,18.2,18.2,21.7,21.7,23.1,23.1,18.2,19.6,19.6,,,,4.2,4.2,14,12.6,,,,,,,,,,,
游击枪（无柄伤）,14,,12.6,12.6,12.6,,,,,,,,,16.8,16.8,16.8,,,,,,,,,,,,,,,,,,,,,,,,,
咕噜腐败枪,14,,14,14,14,18.2,18.2,21.7,21.7,14,15.4,15.4,,18.2,18.2,18.2,21.7,21.7,23.1,23.1,18.2,19.6,19.6,,,,2.1,21,,,,,,,,,,,,,
咕噜腐败枪（无柄伤）,14,,12.6,12.6,12.6,,,,,,,,,16.8,16.8,16.8,,,,,,,,,,,,,,,,,,,,,,,,,
四齿钉耙,14,,14,14,14,18.2,18.2,21.7,21.7,14,15.4,15.4,,18.2,18.2,18.2,21.7,21.7,23.1,23.1,18.2,19.6,19.6,,,,1.4,9.8,,,,,,,,,,,,,
四齿钉耙（无柄伤）,14,,12.6,12.6,12.6,,,,,,,,,16.8,16.8,16.8,,,,,,,,,,,,,,,,,,,,,,,,,
圣者双叉枪,14,,14,14,14,18.2,18.2,21.7,21.7,14,15.4,15.4,,18.2,18.2,18.2,21.7,21.7,23.1,23.1,18.2,19.6,19.6,,,,2.1,21,,,,,,,,,,,,,
圣者双叉枪（无柄伤）,14,,12.6,12.6,12.6,,,,,,,,,16.8,16.8,16.8,,,,,,,,,,,,,,,,,,,,,,,,,
幽魂投枪,14,,14,14,14,18.2,18.2,21.7,21.7,14,15.4,15.4,,18.2,18.2,18.2,21.7,21.7,23.1,23.1,18.2,19.6,19.6,,,,,,,,,,,,21.7,,,,,,
幽魂投枪（无柄伤）,14,,12.6,12.6,12.6,,,,,,,,,16.8,16.8,16.8,,,,,,,,,,,,,,,,,,,,,,,,,
石像鬼灯火枪,14,,14,14,14,18.2,18.2,21.7,21.7,14,15.4,15.4,,18.2,18.2,18.2,21.7,21.7,23.1,23.1,18.2,19.6,19.6,,,,1.4,21,,,,,,,,,,,,,
石像鬼灯火枪（无柄伤）,14,,12.6,12.6,12.6,,,,,,,,,16.8,16.8,16.8,,,,,,,,,,,,,,,,,,,,,,,,,
烙铁,14,,14,14,14,18.2,18.2,21.7,21.7,14,15.4,15.4,,18.2,18.2,18.2,21.7,21.7,23.1,23.1,18.2,19.6,19.6,,,,2.1,18.2,,,,,,,,,,,,,
烙铁（无柄伤）,14,,12.6,12.6,12.6,,,,,,,,,16.8,16.8,16.8,,,,,,,,,,,,,,,,,,,,,,,,,
幽儿希卡枪,14,,14,14,14,18.2,18.2,21.7,21.7,14,15.4,15.4,,18.2,18.2,18.2,21.7,21.7,23.1,23.1,18.2,19.6,19.6,,,,,,,,,,,,,,,,,,
幽儿希卡枪（无柄伤）,14,,12.6,12.6,12.6,,,,,,,,,16.8,16.8,16.8,,,,,,,,,,,,,,,,,,,,,,,,,
猎龙枪,14,,14,14,14,18.2,18.2,21.7,21.7,14,15.4,15.4,,18.2,18.2,18.2,21.7,21.7,23.1,23.1,18.2,19.6,19.6,,,,1.4,14,,,,,,,4.2 7,,,,,,
猎龙枪（无柄伤）,14,,12.6,12.6,12.6,,,,,,,,,16.8,16.8,16.8,,,,,,,,,,,,,,,,,,,,,,,,,
金枝杖枪,14,,14,14,14,,,,,14,15.4,15.4,,18.2,18.2,18.2,,,,,18.2,19.6,19.6,,,,,,,,,,,,,,,,,,
金枝杖枪（无柄伤）,14,,12.6,12.6,12.6,,,,,,,,,16.8,16.8,16.8,,,,,,,,,,,,,,,,,,,,,,,,,
尾骨枪,14,,14,14,14,18.2,18.2,21.7,21.7,14,15.4,15.4,,18.2,18.2,18.2,21.7,21.7,23.1,23.1,18.2,19.6,19.6,,,,18.2,,,,,,,,14,,,,,,
尾骨枪（无柄伤）,14,,12.6,12.6,12.6,,,,,,,,,16.8,16.8,16.8,,,,,,,,,,,,,,,,,,,,,,,,,
阿尔斯特枪,14,,14,14,14,18.2,18.2,21.7,21.7,14,15.4,15.4,,18.2,18.2,18.2,21.7,21.7,23.1,23.1,18.2,19.6,19.6,,,,21,,,,,,,,,,,,,,
阿尔斯特枪（无柄伤）,14,,12.6,12.6,12.6,,,,,,,,,16.8,16.8,16.8,,,,,,,,,,,,,,,,,,,,,,,,,
猎龙剑枪,14,,14,14,14,18.2,18.2,21.7,21.7,14,15.4,15.4,,18.2,18.2,18.2,21.7,21.7,23.1,23.1,18.2,19.6,19.6,,,,11.2,,,,,,,,21,,,,,,
猎龙剑枪（无柄伤）,14,,12.6,12.6,12.6,,,,,,,,,16.8,16.8,16.8,,,,,,,,,,,,,,,,,,,,,,,,,
多兰对枪,14,,14,14,14,18.2,18.2,21.7,21.7,14,15.4,15.4,,,,,,,,,,,,,,,,,,,,,,,,,8.4 14,8.4 14,8.4 14,5.6 12.6,8.4 14
多兰对枪（无柄伤）,14,,12.6,12.6,12.6,,,,,,,,,,,,,,,,,,,,,,,,,,,,,,,,,,,,
长枪类,基础削韧值,,单持R1a,单持R1b,单持R1c,单持R2a,单持R2b,满蓄单持R2a,满蓄单持R2b,单持滚攻,单持跑攻,单持跳跃攻击,,双持R1a,双持R1b,双持R1c,双持R2a,双持R2b,满蓄双持R2a,满蓄双持R2b,双持滚攻,双持跑攻,双持跳跃攻击,,踢技,,战技1,战技2,战技3,战技4,箭步R1a,箭步R1b,箭步R2a,箭步R2b,战技子弹,,L1a,L1b,L1c,成对武器滚攻,成对武器跑攻
矛,14,,14,14,14,18.2,18.2,21.7,21.7,14,15.4,15.4,,18.2,18.2,18.2,21.7,21.7,23.1,23.1,18.2,19.6,19.6,,,,1.4,21,,,,,,,,,,,,,
矛（无柄伤）,14,,,12.6,12.6,,,,,,,,,16.8,16.8,16.8,,,,,,,,,,,,,,,,,,,,,,,,,
巨骑枪,14,,14,14,14,18.2,18.2,21.7,21.7,14,15.4,15.4,,18.2,18.2,18.2,21.7,21.7,23.1,23.1,18.2,19.6,19.6,,,,4.2,22.4,,,,,,,,,,,,,
巨骑枪（无柄伤）,14,,12.6,12.6,12.6,,,,,,,,,16.8,16.8,16.8,,,,,,,,,,,,,,,,,,,,,,,,,
洛斯里克骑士长枪,14,,14,14,14,18.2,18.2,21.7,21.7,14,15.4,15.4,,18.2,18.2,18.2,21.7,21.7,23.1,23.1,18.2,19.6,19.6,,,,1.4,21,,,,,,,,,,,,,
洛斯里克骑士长枪（无柄伤）,14,,,12.6,12.6,,,,,,,,,16.8,16.8,16.8,,,,,,,,,,,,,,,,,,,,,,,,,
戟类,基础削韧值,,单持R1a,单持R1b,单持R1c,单持R2a,单持R2b,满蓄单持R2a,满蓄单持R2b,单持滚攻,单持跑攻,单持跳跃攻击,,双持R1a,双持R1b,双持R1c,双持R2a,双持R2b,满蓄双持R2a,满蓄双持R2b,双持滚攻,双持跑攻,双持跳跃攻击,,踢技,,战技1,战技2,战技3,战技4,箭步R1a,箭步R1b,箭步R2a,箭步R2b,战技子弹,,L1a,L1b,L1c,成对武器滚攻,成对武器跑攻
戟,19,,19,19,19,24.7,24.7,29.45,29.45,19,20.9,20.9,,24.7,24.7,24.7,4.2 17.5,4.2 17.5,4.2 18.9,4.2 18.9,24.7,26.6,26.6,,,,1.9,24.7,,,,,,,,,,,,,
戟（无柄伤）,19,,17.1,17.1,17.1,,,,,,,,,22.8,22.8,22.8,,,,,,,,,,,,,,,,,,,,,,,,,
红柄戟,19,,19,19,19,24.7,24.7,29.45,29.45,19,20.9,20.9,,24.7,24.7,24.7,4.2 17.6,4.2 17.6,4.2 18.10,4.2 18.10,24.7,26.6,26.6,,,,,,,,,,,,,,,,,,
红柄戟（无柄伤）,19,,17.1,17.1,17.1,,,,,,,,,22.8,22.8,22.8,,,,,,,,,,,,,,,,,,,,,,,,,
鹤嘴戟,19,,19,19,19,24.7,24.7,29.45,29.45,19,20.9,20.9,,24.7,24.7,24.7,29.45,29.45,31.35,31.35,24.7,26.6,26.6,,,,7.6,7.6,28.5,24.7,,,,,,,,,,,
鹤罪锄（无柄伤）,19,,17.1,17.1,17.1,,,,,,,,,22.8,22.8,22.8,,,,,,,,,,,,,,22.8,,,,,,,,,,,
剑刃戟,19,,19,19,19,24.7,24.7,29.45,29.45,19,20.9,20.9,,24.7,24.7,24.7,4.2 17.6,4.2 17.6,4.2 18.10,4.2 18.10,24.7,26.6,26.6,,,,7.6,7.6,28.5,24.7,,,,,,,,,,,
剑刃戟（无柄伤）,19,,17.1,17.1,17.1,,,,,,,,,22.8,22.8,22.8,,,,,,,,,,,,,,22.8,,,,,,,,,,,
弦月斧,19,,19,19,19,24.7,24.7,29.45,29.45,19,20.9,20.9,,24.7,24.7,24.7,4.2 17.7,4.2 17.7,4.2 18.11,4.2 18.11,24.7,26.6,26.6,,,,28.5,33.25,33.25,36.1,,,,,,,,,,,
弦月斧（无柄伤）,19,,17.1,17.1,17.1,,,,,,,,,22.8,22.8,22.8,,,,,,,,,,,,,,,,,,,,,,,,,
羽翼骑士戟,19,,19,19,19,24.7,24.7,29.45,29.45,19,20.9,20.9,,24.7,24.7,24.7,4.2 17.8,4.2 17.8,4.2 18.12,4.2 18.12,24.7,26.6,26.6,,,,1.9,1.9,1.9,8.55,,,,,,,,,,,
羽翼骑士戟（无柄伤）,19,,17.1,17.1,17.1,,,,,,,,,22.8,22.8,22.8,,,,,,,,,,,,,,,,,,,,,,,,,
黑骑士剑刃戟,19,,19,19,19,"2.1, 21",24.7,"2.8, 24.5",29.45,19,20.9,20.9,,24.7,24.7,24.7,33.25,4.2 17.9,35.15,4.2 18.13,24.7,26.6,26.6,,,,7.6,7.6,28.5,24.7,,,,,,,,,,,
黑骑士剑刃戟（无柄伤）,19,,17.1,17.1,17.1,,,,,,,,,22.8,22.8,22.8,,,,,,,,,,,,,,22.8,,,,,,,,,,,
火刑光芒,19,,19,19,19,,,,,19,20.9,20.9,,24.7,24.7,24.7,,,,,24.7,26.6,26.6,,,,,,,,,,,,19,,,,,,
火刑光芒（无柄伤）,19,,17.1,17.1,17.1,,,,,,,,,22.8,22.8,22.8,,,,,,,,,,,,,,,,,,,,,,,,,
古达的戟,19,,19,19,19,24.7,24.7,29.45,29.45,19,20.9,20.9,,24.7,24.7,24.7,4.2 17.8,4.2 17.8,4.2 18.12,4.2 18.12,24.7,26.6,26.6,,,,1.9,11.4,1.9,32.3,,,,,,,,,,,
古达的戟（无柄伤）,19,,17.1,17.1,17.1,,,,,,,,,22.8,22.8,22.8,,,,,,,,,,,,,,,,,,,,,,,,,
镰刀类,基础削韧值,,单持R1a,单持R1b,单持R1c,单持R2a,单持R2b,满蓄单持R2a,满蓄单持R2b,单持滚攻,单持跑攻,单持跳跃攻击,,双持R1a,双持R1b,双持R1c,双持R2a,双持R2b,满蓄双持R2a,满蓄双持R2b,双持滚攻,双持跑攻,双持跳跃攻击,,踢技,,战技1,战技2,战技3,战技4,箭步R1a,箭步R1b,箭步R2a,箭步R2b,战技子弹,,L1a,L1b,L1c,成对武器滚攻,成对武器跑攻
大镰刀,14,,14,14,14,18.2,18.2,21.7,21.7,14,15.4,15.4,,18.2,18.2,18.2,21.7,21.7,23.1,23.1,18.2,19.6,19.6,,,,16.8,,,,,,,,,,,,,,
大镰刀（无柄伤）,14,,12.6,12.6,12.6,,,,,0.9,14,,,16.8,16.8,16.8,,,,,16.8,18.2,,,,,,,,,,,,,,,,,,,
鸦人大镰刀,14,,14,14,14,18.2,18.2,21.7,21.7,14,15.4,15.4,,18.2,18.2,18.2,21.7,21.7,23.1,23.1,18.2,19.6,19.6,,,,16.8,,,,,,,,,,,,,,
鸦人大镰刀（无柄伤）,14,,12.6,12.6,12.6,,,,,0.9,14,,,16.8,16.8,16.8,,,,,16.8,18.2,,,,,,,,,,,,,,,,,,,
教宗骑士大镰刀,14,,14,14,14,18.2,18.2,21.7,21.7,14,15.4,15.4,,18.2,18.2,18.2,21.7,21.7,23.1,23.1,18.2,19.6,19.6,,,,,,,,,,,,,,,,,,
教宗骑士大镰刀（无柄伤）,14,,12.6,12.6,12.6,,,,,0.9,14,,,16.8,16.8,16.8,,,,,16.8,18.2,,,,,,,,,,,,,,,,,,,
芙利德大镰刀,14,,14,14,14,18.2,18.2,21.7,21.7,14,15.4,15.4,,18.2,18.2,18.2,21.7,21.7,23.1,23.1,18.2,19.6,19.6,,,,14,,,,11.9,11.9,,,4.2,,,,,,
芙利德大镰刀（无柄伤）,14,,12.6,12.6,12.6,,,,,0.9,14,,,16.8,16.8,16.8,,,,,16.8,18.2,,,,,,,,,,,,,,,,,,,
鞭类,基础削韧值,,单持R1a,单持R1b,单持R1c,单持R2a,单持R2b,满蓄单持R2a,满蓄单持R2b,单持滚攻,单持跑攻,单持跳跃攻击,,双持R1a,双持R1b,双持R1c,双持R2a,双持R2b,满蓄双持R2a,满蓄双持R2b,双持滚攻,双持跑攻,双持跳跃攻击,,踢技,,战技1,战技2,战技3,战技4,箭步R1a,箭步R1b,箭步R2a,箭步R2b,战技子弹,,L1a,L1b,L1c,成对武器滚攻,成对武器跑攻
软鞭,14,,14,14,14,18.2,18.2,21.7,21.7,14,15.4,15.4,,18.2,18.2,18.2,21.7,21.7,23.1,23.1,18.2,19.6,19.6,,,,2.8,2.8,21,,,,,,,,,,,,
荆棘软鞭,14,,14,14,14,18.2,18.2,21.7,21.7,14,15.4,15.4,,18.2,18.2,18.2,21.7,21.7,23.1,23.1,18.2,19.6,19.6,,,,2.8,2.8,21,,,,,,,,,,,,
斑斓鞭,14,,14,14,14,18.2,18.2,21.7,21.7,14,15.4,15.4,,18.2,18.2,18.2,21.7,21.7,23.1,23.1,18.2,19.6,19.6,,,,2.8,2.8,21,,,,,,,,,,,,
魔女黑发,14,,14,14,14,18.2,18.2,21.7,21.7,14,15.4,15.4,,18.2,18.2,18.2,21.7,21.7,23.1,23.1,18.2,19.6,19.6,,,,2.8,2.8,21,,,,,,,,,,,,
艾雷德尔蔷薇,14,,14,14,14,,,,,14,15.4,15.4,,18.2,18.2,18.2,,,,,18.2,19.6,19.6,,,,,,,,,,,,,,,,,,
拳爪类,基础削韧值,,单持R1a,单持R1b,单持R1c,单持R2a,单持R2b,满蓄单持R2a,满蓄单持R2b,单持滚攻,单持跑攻,单持跳跃攻击,,双持R1a,双持R1b,双持R1c,双持R2a,双持R2b,满蓄双持R2a,满蓄双持R2b,双持滚攻,双持跑攻,双持跳跃攻击,,踢技,,战技1,战技2,战技3,战技4,箭步R1a,箭步R1b,箭步R2a,箭步R2b,战技子弹,,L1a,L1b,L1c,成对武器滚攻,成对武器跑攻
护手带,11,,11,11,11,14.3,14.3,17.05,17.05,11,12.1,12.1,,,,,,,,,,,,,,,,,,,,,,,,,9.35 9.35,9.35 9.35,9.35 9.35,9.35 9.35,7.7 7.7
空手,14,,14,14,14,18.2,18.2,21.7,21.7,14,15.4,15.4,,,,,,,,,,,,,,,,,,,,,,,,,,,,,
恶魔指虎,14,,14,14,14,18.2,18.2,21.7,21.7,14,15.4,15.4,,,,,,,,,,,,,,,7,2.8,14,,,,,,7,,11.9 11.9,11.9 11.9,11.9 11.9,10.5 10.5,9.8 9.8
钩爪类,基础削韧值,,单持R1a,单持R1b,单持R1c,单持R2a,单持R2b,满蓄单持R2a,满蓄单持R2b,单持滚攻,单持跑攻,单持跳跃攻击,,双持R1a,双持R1b,双持R1c,双持R2a,双持R2b,满蓄双持R2a,满蓄双持R2b,双持滚攻,双持跑攻,双持跳跃攻击,,踢技,,战技1,战技2,战技3,战技4,箭步R1a,箭步R1b,箭步R2a,箭步R2b,战技子弹,,L1a,L1b,L1c,成对武器滚攻,成对武器跑攻
钩爪,14,,14,14,14,18.2,18.2,21.7,21.7,14,15.4,15.4,,,,,,,,,,,,,,,14,1.4,,,,,,,,,11.9 11.9,11.9 11.9,11.9 11.9,10.5 10.5,9.8 9.8
傀儡钩爪,14,,14,14,14,18.2,18.2,21.7,21.7,14,15.4,15.4,,,,,,,,,,,,,,,,,,,,,,,,,11.9 11.9,11.9 11.9,11.9 11.9,10.5 10.5,9.8 9.8
鸦爪,14,,14,14,14,18.2,18.2,21.7,21.7,14,15.4,15.4,,,,,,,,,,,,,,,10.5,10.5,14,,,,,,,,11.2 11.2,11.2 11.2,11.2 11.2,9.8 9.8,11.2 11.2
火把类,基础削韧值,,单持R1a,单持R1b,单持R1c,单持R2a,单持R2b,满蓄单持R2a,满蓄单持R2b,单持滚攻,单持跑攻,单持跳跃攻击,,双持R1a,双持R1b,双持R1c,双持R2a,双持R2b,满蓄双持R2a,满蓄双持R2b,双持滚攻,双持跑攻,双持跳跃攻击,,踢技,,战技1,战技2,战技3,战技4,箭步R1a,箭步R1b,箭步R2a,箭步R2b,战技子弹,,L1a,L1b,L1c,成对武器滚攻,成对武器跑攻
火把,10,,10,10,10,13,,15.5,,10,11,11,,13,13,13,15.5,,16.5,,13,14,14,,,,,,,,,,,,,,,,,,
幽魂火把,25,,25,25,25,32.5,,38.75,,25,27.5,27.5,,32.5,32.5,32.5,38.75,,41.25,,32.5,35,35,,,,,,,,,,,,15,,,,,,
弓箭类,,,正常发射,强力射击,法里斯三连射,贯穿射击,地面射击,,,,,,,,,,,,,,,,,,,,,,,,,,,,,,,,,,
木箭,5,,5,7.5,3,,,,,,,,,,,,,,,,,,,,,,,,,,,,,,,,,,,,
普通箭,7,,7,10.5,4.2,,,,,,,,,,,,,,,,,,,,,,,,,,,,,,,,,,,,
大箭,7,,7,10.5,4.2,,,,,,,,,,,,,,,,,,,,,,,,,,,,,,,,,,,,
羽毛箭,5,,5,7.5,3,,,,,,,,,,,,,,,,,,,,,,,,,,,,,,,,,,,,
火箭,5,,5,7.5,3,,,,,,,,,,,,,,,,,,,,,,,,,,,,,,,,,,,,
毒箭,5,,5,7.5,3,,,,,,,,,,,,,,,,,,,,,,,,,,,,,,,,,,,,
暗箭,5,,5,7.5,3,,,,,,,,,,,,,,,,,,,,,,,,,,,,,,,,,,,,
月关箭,5,,5,7.5,3,,,,,,,,,,,,,,,,,,,,,,,,,,,,,,,,,,,,
猎龙大箭,35,,35,,,42,,,,,,,,,,,,,,,,,,,,,,,,,,,,,,,,,,,
猎龙雷箭,35,,35,,,42,,,,,,,,,,,,,,,,,,,,,,,,,,,,,,,,,,,
伐鬼大箭,35,,35,,,42,,,,,,,,,,,,,,,,,,,,,,,,,,,,,,,,,,,
米尔伍德大箭,35,,35,,,42,42,,,,,,,,,,,,,,,,,,,,,,,,,,,,,,,,,,
弩箭类,基础削韧,,正常发射,雅帆琳,,,,,,,,,,,,,,,,,,,,,,,,,,,,,,,,,,,,,
木弩箭,5,,5,2.5,,,,,,,,,,,,,,,,,,,,,,,,,,,,,,,,,,,,,
普通弩箭,5,,5,2.5,,,,,,,,,,,,,,,,,,,,,,,,,,,,,,,,,,,,,
重弩箭,7,,7,3.5,,,,,,,,,,,,,,,,,,,,,,,,,,,,,,,,,,,,,
狙击弩箭,7,,7,3.5,,,,,,,,,,,,,,,,,,,,,,,,,,,,,,,,,,,,,
雷弩箭,5,,5,2.5,,,,,,,,,,,,,,,,,,,,,,,,,,,,,,,,,,,,,
破裂弩箭,3,,3,1.5,,,,,,,,,,,,,,,,,,,,,,,,,,,,,,,,,,,,,
爆裂弩箭,12,,12,6,,,,,,,,,,,,,,,,,,,,,,,,,,,,,,,,,,,,,
魔法类,削韧,,,,,,,,,,,,,,,,,,,,,,,,,,,,,,,,,,,,,,,,
法兰短箭,5,,,,,,,,,,,,,,,,,,,,,,,,,,,,,,,,,,,,,,,,
强力法兰短箭,5,,,,,,,,,,,,,,,,,,,,,,,,,,,,,,,,,,,,,,,,
灵魂箭,14,,,,,,,,,,,,,,,,,,,,,,,,,,,,,,,,,,,,,,,,
强力灵魂箭,14,,,,,,,,,,,,,,,,,,,,,,,,,,,,,,,,,,,,,,,,
灵魂巨箭,27,,,,,,,,,,,,,,,,,,,,,,,,,,,,,,,,,,,,,,,,
强力灵魂巨箭,27,,,,,,,,,,,,,,,,,,,,,,,,,,,,,,,,,,,,,,,,
追踪灵魂块,3,,,,,,,,,,,,,,,,,,,,,,,,,,,,,,,,,,,,,,,,
追踪灵魂结晶块,3,,,,,,,,,,,,,,,,,,,,,,,,,,,,,,,,,,,,,,,,
灵魂枪,27,,,,,,,,,,,,,,,,,,,,,,,,,,,,,,,,,,,,,,,,
灵魂结晶枪,27,,,,,,,,,,,,,,,,,,,,,,,,,,,,,,,,,,,,,,,,
幽邃灵魂,10,,,,,,,,,,,,,,,,,,,,,,,,,,,,,,,,,,,,,,,,
强力幽邃灵魂,10,,,,,,,,,,,,,,,,,,,,,,,,,,,,,,,,,,,,,,,,
白龙吐息,5,,,,,,,,,,,,,,,,,,,,,,,,,,,,,,,,,,,,,,,,
法兰箭雨啊、,4,,,,,,,,,,,,,,,,,,,,,,,,,,,,,,,,,,,,,,,,
结晶降雹,5,,,,,,,,,,,,,,,,,,,,,,,,,,,,,,,,,,,,,,,,
灵魂大剑,27,,,,,,,,,,,,,,,,,,,,,,,,,,,,,,,,,,,,,,,,
法兰快剑,10,,,,,,,,,,,,,,,,,,,,,,,,,,,,,,,,,,,,,,,,
追踪者,3,,,,,,,,,,,,,,,,,,,,,,,,,,,,,,,,,,,,,,,,
黑暗刀刃,40,,,,,,,,,,,,,,,,,,,,,,,,,,,,,,,,,,,,,,,,
灵魂激流,10,,,,,,,,,,,,,,,,,,,,,,,,,,,,,,,,,,,,,,,,
致命水银,5,,,,,,,,,,,,,,,,,,,,,,,,,,,,,,,,,,,,,,,,
瞬间冻结,,,,,,,,,,,,,,,,,,,,,,,,,,,,,,,,,,,,,,,,,
咒术类,子弹削韧,,溅射,爆炸前,爆炸,残留,投射物,岩浆,浮空火球,附近,,,,,,,,,,,,,,,,,,,,,,,,,,,,,,,
火球,17,,5,,,,,,,,,,,,,,,,,,,,,,,,,,,,,,,,,,,,,,
大火球,21,,5,,,,,,,,,,,,,,,,,,,,,,,,,,,,,,,,,,,,,,
火焰风暴,10,,,,,,,,,,,,,,,,,,,,,,,,,,,,,,,,,,,,,,,,
喷射火焰,2,,,,,,,,,,,,,,,,,,,,,,,,,,,,,,,,,,,,,,,,
黑蛇,20,,,,,,,,,,,,,,,,,,,,,,,,,,,,,,,,,,,,,,,,
引燃烈火,,,,15,20,10,,,,,,,,,,,,,,,,,,,,,,,,,,,,,,,,,,,
毒雾,,,,,,,,,,,,,,,,,,,,,,,,,,,,,,,,,,,,,,,,,
剧毒雾,,,,,,,,,,,,,,,,,,,,,,,,,,,,,,,,,,,,,,,,,
喷射酸液,,,,,,,,,,,,,,,,,,,,,,,,,,,,,,,,,,,,,,,,,
混沌火球弹,25,,25,,,,,5,,,,,,,,,,,,,,,,,,,,,,,,,,,,,,,,,
混沌风暴,10,,,,,,,,,,,,,,,,,,,,,,,,,,,,,,,,,,,,,,,,
横扫火焰,3,,,,,,,,,,,,,,,,,,,,,,,,,,,,,,,,,,,,,,,,
黑炎,,,,15,30,20,,,,,,,,,,,,,,,,,,,,,,,,,,,,,,,,,,,
罪业火焰,,,,15,30,,,,,,,,,,,,,,,,,,,,,,,,,,,,,,,,,,,,
混沌温床,,,,,25,,25,,,5,,,,,,,,,,,,,,,,,,,,,,,,,,,,,,,
黑火球,30,,10,,,,,,,,,,,,,,,,,,,,,,,,,,,,,,,,,,,,,,
爆炸火球,,,6,15,,,6,,,,,,,,,,,,,,,,,,,,,,,,,,,,,,,,,,
吐岩,40,,40,,,,,,,,,,,,,,,,,,,,,,,,,,,,,,,,,,,,,,
浮空混沌,,,,,,,20,,5,,,,,,,,,,,,,,,,,,,,,,,,,,,,,,,,
奇迹类,削韧,,在水中,溅射,,,,,,,,,,,,,,,,,,,,,,,,,,,,,,,,,,,,,
原力,10,,,,,,,,,,,,,,,,,,,,,,,,,,,,,,,,,,,,,,,,
诸神之怒,10,,,,,,,,,,,,,,,,,,,,,,,,,,,,,,,,,,,,,,,,
原力迸射,10,,,,,,,,,,,,,,,,,,,,,,,,,,,,,,,,,,,,,,,,
雷枪,20,,5,,,,,,,,,,,,,,,,,,,,,,,,,,,,,,,,,,,,,,
巨雷枪,20,,10,,,,,,,,,,,,,,,,,,,,,,,,,,,,,,,,,,,,,,
阳光之枪,20,,10,,,,,,,,,,,,,,,,,,,,,,,,,,,,,,,,,,,,,,
风暴落雷,20,,,20,,,,,,,,,,,,,,,,,,,,,,,,,,,,,,,,,,,,,
侵蚀,15,,,,,,,,,,,,,,,,,,,,,,,,,,,,,,,,,,,,,,,,
朵丽丝的侵蚀,15,,,,,,,,,,,,,,,,,,,,,,,,,,,,,,,,,,,,,,,,
死者活化,30,,,,,,,,,,,,,,,,,,,,,,,,,,,,,,,,,,,,,,,,
雷电柱,10,,,20,,,,,,,,,,,,,,,,,,,,,,,,,,,,,,,,,,,,,
天使光柱,10,,,,,,,,,,,,,,,,,,,,,,,,,,,,,,,,,,,,,,,,
猎命镰刀,30,,,,,,,,,,,,,,,,,,,,,,,,,,,,,,,,,,,,,,,,
白教光环,10,,,,,,,,,,,,,,,,,,,,,,,,,,,,,,,,,,,,,,,,
道具类,削韧,,溅射,,,,,,,,,,,,,,,,,,,,,,,,,,,,,,,,,,,,,,
飞刀,5,,,,,,,,,,,,,,,,,,,,,,,,,,,,,,,,,,,,,,,,
毒飞到,5,,,,,,,,,,,,,,,,,,,,,,,,,,,,,,,,,,,,,,,,
廓尔喀弯刀,10,,,,,,,,,,,,,,,,,,,,,,,,,,,,,,,,,,,,,,,,
火焰壶,10,,,,,,,,,,,,,,,,,,,,,,,,,,,,,,,,,,,,,,,,
附绳火焰壶,10,,,,,,,,,,,,,,,,,,,,,,,,,,,,,,,,,,,,,,,,
黑火焰壶,10,,,,,,,,,,,,,,,,,,,,,,,,,,,,,,,,,,,,,,,,
附绳黑火焰壶,10,,,,,,,,,,,,,,,,,,,,,,,,,,,,,,,,,,,,,,,,
雷壶,10,,5,,,,,,,,,,,,,,,,,,,,,,,,,,,,,,,,,,,,,,
屎块,,,,,,,,,,,,,,,,,,,,,,,,,,,,,,,,,,,,,,,,,
含草屎块,,,,,,,,,,,,,,,,,,,,,,,,,,,,,,,,,,,,,,,,,
猎捕不死人护符,,,,,,,,,,,,,,,,,,,,,,,,,,,,,,,,,,,,,,,,,
决斗护符,,,,,,,,,,,,,,,,,,,,,,,,,,,,,,,,,,,,,,,,,
